location,date,month,ndvi,ndvi_sensor,prev_ndvi,ndvi_change,temperature,rainfall,next_ndvi
Bangalore,2010-01,1,0.3511,MODIS,,,20.9,4.8,0.3344
Bangalore,2010-02,2,0.3344,MODIS,0.3511,-0.0167,23.7,0.8,0.3775
Bangalore,2010-03,3,0.3775,MODIS,0.3344,0.0431,26.6,1.2,0.4036
Bangalore,2010-04,4,0.4036,MODIS,0.3775,0.0261,27.6,44,0.4043
Bangalore,2010-05,5,0.4043,MODIS,0.4036,0.0007,26,127.2,0.3472
Bangalore,2010-06,6,0.3472,MODIS,0.4043,-0.0571,23.6,135,0.3049
Bangalore,2010-07,7,0.3049,MODIS,0.3472,-0.0423,22.1,258.1,0.3069
Bangalore,2010-08,8,0.3069,MODIS,0.3049,0.002,22.2,169.7,0.4069
Bangalore,2010-09,9,0.4069,MODIS,0.3069,0.1,22.2,110.4,0.3439
Bangalore,2010-10,10,0.3439,MODIS,0.4069,-0.063,22.1,97.8,0.389
Bangalore,2010-11,11,0.389,MODIS,0.3439,0.0451,21,146.1,0.3484
Bangalore,2010-12,12,0.3484,MODIS,0.389,-0.0406,19.6,19.2,0.3373
Bangalore,2011-01,1,0.3373,MODIS,0.3484,-0.0111,20.5,1.3,0.3454
Bangalore,2011-02,2,0.3454,MODIS,0.3373,0.0081,21.8,13.2,0.3947
Bangalore,2011-03,3,0.3947,MODIS,0.3454,0.0493,25.2,1.5,0.4093
Bangalore,2011-04,4,0.4093,MODIS,0.3947,0.0146,25.6,169.8,0.4048
Bangalore,2011-05,5,0.4048,MODIS,0.4093,-0.0045,25.1,113.9,0.316
Bangalore,2011-06,6,0.316,MODIS,0.4048,-0.0888,22.9,74.6,0.1934
Bangalore,2011-07,7,0.1934,MODIS,0.316,-0.1226,22.1,172.6,0.2586
Bangalore,2011-08,8,0.2586,MODIS,0.1934,0.0652,21.8,205.7,0.4076
Bangalore,2011-09,9,0.4076,MODIS,0.2586,0.149,22,82.3,0.3452
Bangalore,2011-10,10,0.3452,MODIS,0.4076,-0.0624,22.2,197.7,0.394
Bangalore,2011-11,11,0.394,MODIS,0.3452,0.0488,20.5,65.7,0.3606
Bangalore,2011-12,12,0.3606,MODIS,0.394,-0.0334,20.1,14.9,0.3342
Bangalore,2012-01,1,0.3342,MODIS,0.3606,-0.0264,20.5,0.7,0.3319
Bangalore,2012-02,2,0.3319,MODIS,0.3342,-0.0023,22.9,0.1,0.36
Bangalore,2012-03,3,0.36,MODIS,0.3319,0.0281,26.1,1.6,0.3717
Bangalore,2012-04,4,0.3717,MODIS,0.36,0.0117,27.2,35.3,0.3949
Bangalore,2012-05,5,0.3949,MODIS,0.3717,0.0232,25.6,84.1,0.365
Bangalore,2012-06,6,0.365,MODIS,0.3949,-0.0299,23.8,70.1,0.2067
Bangalore,2012-07,7,0.2067,MODIS,0.365,-0.1583,22.7,100.1,0.3377
Bangalore,2012-08,8,0.3377,MODIS,0.2067,0.131,22,187.8,0.4144
Bangalore,2012-09,9,0.4144,MODIS,0.3377,0.0767,22.3,130.6,0.4103
Bangalore,2012-10,10,0.4103,MODIS,0.4144,-0.0041,21.8,155.9,0.4144
Bangalore,2012-11,11,0.4144,MODIS,0.4103,0.0041,20.8,39.9,0.4059
Bangalore,2012-12,12,0.4059,MODIS,0.4144,-0.0085,20.5,30.3,0.3311
Bangalore,2013-01,1,0.3311,MODIS,0.4059,-0.0748,21.4,0.1,0.324
Bangalore,2013-02,2,0.324,MODIS,0.3311,-0.0071,22.6,16.3,0.3544
Bangalore,2013-03,3,0.3544,MODIS,0.324,0.0304,26,8.3,0.371
Bangalore,2013-04,4,0.371,MODIS,0.3544,0.0166,27.4,24.6,0.2956
Bangalore,2013-05,5,0.2956,MODIS,0.371,-0.0754,26,216.7,0.2881
Bangalore,2013-06,6,0.2881,MODIS,0.2956,-0.0075,22.2,135.8,0.096
Bangalore,2013-07,7,0.096,MODIS,0.2881,-0.1921,21.6,137.7,0.3393
Bangalore,2013-08,8,0.3393,MODIS,0.096,0.2433,22,124.7,0.384
Bangalore,2013-09,9,0.384,MODIS,0.3393,0.0447,21.8,209.4,0.3709
Bangalore,2013-10,10,0.3709,MODIS,0.384,-0.0131,21.8,96.7,0.4024
Bangalore,2013-11,11,0.4024,MODIS,0.3709,0.0315,21.3,24.5,0.3783
Bangalore,2013-12,12,0.3783,MODIS,0.4024,-0.0241,20,7,0.3171
Bangalore,2014-01,1,0.3171,MODIS,0.3783,-0.0612,20.5,0.2,0.3265
Bangalore,2014-02,2,0.3265,MODIS,0.3171,0.0094,22.6,2,0.3869
Bangalore,2014-03,3,0.3869,MODIS,0.3265,0.0604,25,10.8,0.3836
Bangalore,2014-04,4,0.3836,MODIS,0.3869,-0.0033,27.8,5.9,0.4
Bangalore,2014-05,5,0.4,MODIS,0.3836,0.0164,25.9,158.8,0.3744
Bangalore,2014-06,6,0.3744,MODIS,0.4,-0.0256,24.6,72,0.1568
Bangalore,2014-07,7,0.1568,MODIS,0.3744,-0.2176,22.6,105.8,0.4068
Bangalore,2014-08,8,0.4068,MODIS,0.1568,0.25,22.2,160.2,0.4016
Bangalore,2014-09,9,0.4016,MODIS,0.4068,-0.0052,22.5,118,0.4027
Bangalore,2014-10,10,0.4027,MODIS,0.4016,0.0011,22.2,168.4,0.3993
Bangalore,2014-11,11,0.3993,MODIS,0.4027,-0.0034,20.9,37,0.3604
Bangalore,2014-12,12,0.3604,MODIS,0.3993,-0.0389,20.8,22.4,0.3488
Bangalore,2015-01,1,0.3488,MODIS,0.3604,-0.0116,20.8,5.1,0.3332
Bangalore,2015-02,2,0.3332,MODIS,0.3488,-0.0156,22.4,3.1,0.3941
Bangalore,2015-03,3,0.3941,MODIS,0.3332,0.0609,25,16.3,0.4243
Bangalore,2015-04,4,0.4243,MODIS,0.3941,0.0302,25.4,92.3,0.4371
Bangalore,2015-05,5,0.4371,MODIS,0.4243,0.0128,25.2,157.7,0.3893
Bangalore,2015-06,6,0.3893,MODIS,0.4371,-0.0478,23.3,98.6,0.3446
Bangalore,2015-07,7,0.3446,MODIS,0.3893,-0.0447,23,91.7,0.3872
Bangalore,2015-08,8,0.3872,MODIS,0.3446,0.0426,22.8,137.3,0.4393
Bangalore,2015-09,9,0.4393,MODIS,0.3872,0.0521,22.8,154.7,0.4289
Bangalore,2015-10,10,0.4289,MODIS,0.4393,-0.0104,22.8,74.6,0.4029
Bangalore,2015-11,11,0.4029,MODIS,0.4289,-0.026,20.7,386,0.3883
Bangalore,2015-12,12,0.3883,MODIS,0.4029,-0.0146,20.4,43.2,0.3512
Bangalore,2016-01,1,0.3512,MODIS,0.3883,-0.0371,20.5,5.1,0.3424
Bangalore,2016-02,2,0.3424,MODIS,0.3512,-0.0088,23.5,0.1,0.401
Bangalore,2016-03,3,0.401,MODIS,0.3424,0.0586,26.3,2.8,0.4057
Bangalore,2016-04,4,0.4057,MODIS,0.401,0.0047,28.7,3,0.4008
Bangalore,2016-05,5,0.4008,MODIS,0.4057,-0.0049,26.2,120.3,0.1688
Bangalore,2016-06,6,0.1688,MODIS,0.4008,-0.232,22.8,266,0.2508
Bangalore,2016-07,7,0.2508,MODIS,0.1688,0.082,22.3,212.3,0.2319
Bangalore,2016-08,8,0.2319,MODIS,0.2508,-0.0189,22.5,65.1,0.37
Bangalore,2016-09,9,0.37,MODIS,0.2319,0.1381,22.3,52.9,0.2477
Bangalore,2016-10,10,0.2477,Sentinel2,0.37,-0.1223,23.2,28.3,0.2371
Bangalore,2016-11,11,0.2371,Sentinel2,0.2477,-0.0106,22.7,5.6,0.2027
Bangalore,2016-12,12,0.2027,Sentinel2,0.2371,-0.0344,20.4,67,0.1924
Bangalore,2017-01,1,0.1924,Sentinel2,0.2027,-0.0103,20.7,19.4,0.1967
Bangalore,2017-02,2,0.1967,Sentinel2,0.1924,0.0043,22.4,0,0.4103
Bangalore,2017-03,3,0.4103,MODIS,0.1967,0.2136,25.8,16.3,0.2351
Bangalore,2017-04,4,0.2351,Sentinel2,0.4103,-0.1752,27.9,13.6,0.4212
Bangalore,2017-05,5,0.4212,MODIS,0.2351,0.1861,25.9,154,0.382
Bangalore,2017-06,6,0.382,MODIS,0.4212,-0.0392,23.2,82.6,0.3497
Bangalore,2017-07,7,0.3497,MODIS,0.382,-0.0323,23.2,78.8,0.3372
Bangalore,2017-08,8,0.3372,MODIS,0.3497,-0.0125,22.6,183,0.3594
Bangalore,2017-09,9,0.3594,MODIS,0.3372,0.0222,22.6,264,0.3983
Bangalore,2017-10,10,0.3983,MODIS,0.3594,0.0389,22.3,108.7,0.3939
Bangalore,2017-11,11,0.3939,MODIS,0.3983,-0.0044,21.5,40.9,0.3887
Bangalore,2017-12,12,0.3887,MODIS,0.3939,-0.0052,20.3,15.8,0.1875
Bangalore,2018-01,1,0.1875,Sentinel2,0.3887,-0.2012,20.7,0.5,0.2055
Bangalore,2018-02,2,0.2055,Sentinel2,0.1875,0.018,21.6,37.4,0.1486
Bangalore,2018-03,3,0.1486,Sentinel2,0.2055,-0.0569,24.5,56.5,0.4179
Bangalore,2018-04,4,0.4179,MODIS,0.1486,0.2693,26.6,14.2,0.4042
Bangalore,2018-05,5,0.4042,MODIS,0.4179,-0.0137,24.9,263.4,0.2897
Bangalore,2018-06,6,0.2897,MODIS,0.4042,-0.1145,22.8,161.7,0.187
Bangalore,2018-07,7,0.187,MODIS,0.2897,-0.1027,22.2,95.1,0.2922
Bangalore,2018-08,8,0.2922,MODIS,0.187,0.1052,21.8,103.3,0.4306
Bangalore,2018-09,9,0.4306,MODIS,0.2922,0.1384,22.7,88.9,0.2445
Bangalore,2018-10,10,0.2445,Sentinel2,0.4306,-0.1861,22.2,108,0.4001
Bangalore,2018-11,11,0.4001,MODIS,0.2445,0.1556,21.5,73.1,0.402
Bangalore,2018-12,12,0.402,Sentinel2,0.4001,0.0019,21.4,11.5,0.2664
Bangalore,2019-01,1,0.2664,Sentinel2,0.402,-0.1356,20.3,6.1,0.2826
Bangalore,2019-02,2,0.2826,Sentinel2,0.2664,0.0162,23.5,6.7,0.2912
Bangalore,2019-03,3,0.2912,Sentinel2,0.2826,0.0086,26.7,0.2,0.3167
Bangalore,2019-04,4,0.3167,Sentinel2,0.2912,0.0255,27.7,32.5,0.3162
Bangalore,2019-05,5,0.3162,Sentinel2,0.3167,-0.0005,26.6,121.6,0.3173
Bangalore,2019-06,6,0.3173,MODIS,0.3162,0.0011,24.1,152.2,0.203
Bangalore,2019-07,7,0.203,MODIS,0.3173,-0.1143,22.8,151.7,0.1807
Bangalore,2019-08,8,0.1807,MODIS,0.203,-0.0223,22.2,138.8,0.4846
Bangalore,2019-09,9,0.4846,MODIS,0.1807,0.3039,22.4,182.9,0.35
Bangalore,2019-10,10,0.35,MODIS,0.4846,-0.1346,21.9,229.1,0.4309
Bangalore,2019-11,11,0.4309,Sentinel2,0.35,0.0809,21.8,46.5,0.1025
Bangalore,2019-12,12,0.1025,Sentinel2,0.4309,-0.3284,20.5,31,0.3082
Bangalore,2020-01,1,0.3082,Sentinel2,0.1025,0.2057,22,4.1,0.242
Bangalore,2020-02,2,0.242,Sentinel2,0.3082,-0.0662,22.8,0.2,0.2693
Bangalore,2020-03,3,0.2693,Sentinel2,0.242,0.0273,25.3,17.1,0.368
Bangalore,2020-04,4,0.368,Sentinel2,0.2693,0.0987,26.5,50.1,0.3384
Bangalore,2020-05,5,0.3384,Sentinel2,0.368,-0.0296,27.1,34.8,0.3755
Bangalore,2020-06,6,0.3755,MODIS,0.3384,0.0371,23.7,113.2,0.3306
Bangalore,2020-07,7,0.3306,MODIS,0.3755,-0.0449,22.4,221.7,0.4334
Bangalore,2020-08,8,0.4334,MODIS,0.3306,0.1028,22.4,132.9,0.4164
Bangalore,2020-09,9,0.4164,MODIS,0.4334,-0.017,22,192,0.4395
Bangalore,2020-10,10,0.4395,MODIS,0.4164,0.0231,21.9,108.4,0.4388
Bangalore,2020-11,11,0.4388,MODIS,0.4395,-0.0007,21.1,47.4,0.3707
Bangalore,2020-12,12,0.3707,Sentinel2,0.4388,-0.0681,19.7,61.9,0.2873
Bangalore,2021-01,1,0.2873,Sentinel2,0.3707,-0.0834,20.4,46.1,0.2452
Bangalore,2021-02,2,0.2452,Sentinel2,0.2873,-0.0421,21.3,8.7,0.316
Bangalore,2021-03,3,0.316,Sentinel2,0.2452,0.0708,25.1,0,0.2771
Bangalore,2021-04,4,0.2771,Sentinel2,0.316,-0.0389,25.8,82.7,0.4294
Bangalore,2021-05,5,0.4294,Sentinel2,0.2771,0.1523,24.9,72.2,0.4708
Bangalore,2021-06,6,0.4708,Sentinel2,0.4294,0.0414,23.6,85.3,0.2272
Bangalore,2021-07,7,0.2272,MODIS,0.4708,-0.2436,22.4,182.3,0.3369
Bangalore,2021-08,8,0.3369,MODIS,0.2272,0.1097,22.3,153.4,0.356
Bangalore,2021-09,9,0.356,MODIS,0.3369,0.0191,22.5,90.5,0.4176
Bangalore,2021-10,10,0.4176,MODIS,0.356,0.0616,22.2,251.6,0.2262
Bangalore,2021-11,11,0.2262,MODIS,0.4176,-0.1914,20.6,378.1,0.2631
Bangalore,2021-12,12,0.2631,Sentinel2,0.2262,0.0369,20.2,14.3,0.2735
Bangalore,2022-01,1,0.2735,Sentinel2,0.2631,0.0104,21.4,2.9,0.1875
Bangalore,2022-02,2,0.1875,Sentinel2,0.2735,-0.086,22.4,0.2,0.2497
Bangalore,2022-03,3,0.2497,Sentinel2,0.1875,0.0622,25.1,3.2,0.2367
Bangalore,2022-04,4,0.2367,Sentinel2,0.2497,-0.013,26.4,28.7,0.2842
Bangalore,2022-05,5,0.2842,Sentinel2,0.2367,0.0475,24.4,156.9,0.341
Bangalore,2022-06,6,0.341,MODIS,0.2842,0.0568,23.3,159.5,0.1769
Bangalore,2022-07,7,0.1769,MODIS,0.341,-0.1641,22,247.5,0.1569
Bangalore,2022-08,8,0.1569,Sentinel2,0.1769,-0.02,22.3,202.5,0.3211
Bangalore,2022-09,9,0.3211,MODIS,0.1569,0.1642,22.3,99,0.2644
Bangalore,2022-10,10,0.2644,Sentinel2,0.3211,-0.0567,21.3,139.6,0.4379
Bangalore,2022-11,11,0.4379,MODIS,0.2644,0.1735,20.2,72.5,0.2355
Bangalore,2022-12,12,0.2355,Sentinel2,0.4379,-0.2024,19.9,85.7,0.225
Bangalore,2023-01,1,0.225,Sentinel2,0.2355,-0.0105,19.6,0.8,0.2214
Bangalore,2023-02,2,0.2214,Sentinel2,0.225,-0.0036,22.2,0,0.2526
Bangalore,2023-03,3,0.2526,Sentinel2,0.2214,0.0312,24.1,18.8,0.2304
Bangalore,2023-04,4,0.2304,Sentinel2,0.2526,-0.0222,26.4,38.8,0.25
Bangalore,2023-05,5,0.25,Sentinel2,0.2304,0.0196,25.3,135.3,0.3062
Bangalore,2023-06,6,0.3062,MODIS,0.25,0.0562,24.5,107.6,0.2983
Bangalore,2023-07,7,0.2983,MODIS,0.3062,-0.0079,22.4,176.4,0.1598
Bangalore,2023-08,8,0.1598,Sentinel2,0.2983,-0.1385,23.9,25.3,0.4249
Bangalore,2023-09,9,0.4249,MODIS,0.1598,0.2651,23.4,76.4,0.2687
Bangalore,2023-10,10,0.2687,Sentinel2,0.4249,-0.1562,23.7,56.4,0.2491
Bangalore,2023-11,11,0.2491,Sentinel2,0.2687,-0.0196,21.9,121.8,0.4105
Bangalore,2023-12,12,0.4105,MODIS,0.2491,0.1614,21.4,15.8,0.2183
Bangalore,2024-01,1,0.2183,Sentinel2,0.4105,-0.1922,21.6,20.6,0.2227
Bangalore,2024-02,2,0.2227,Sentinel2,0.2183,0.0044,24.1,0.2,0.249
Bangalore,2024-03,3,0.249,Sentinel2,0.2227,0.0263,26.7,0.4,0.2484
Bangalore,2024-04,4,0.2484,Sentinel2,0.249,-0.0006,28.9,0.5,0.2356
Bangalore,2024-05,5,0.2356,Sentinel2,0.2484,-0.0128,26.3,187.5,0.2629
Bangalore,2024-06,6,0.2629,Sentinel2,0.2356,0.0273,23.6,147.9,0.2805
Bangalore,2024-07,7,0.2805,MODIS,0.2629,0.0176,22.6,165.8,0.2944
Bangalore,2024-08,8,0.2944,MODIS,0.2805,0.0139,22.9,250.9,0.275
Bangalore,2024-09,9,0.275,Sentinel2,0.2944,-0.0194,22.9,40.8,0.46
Bangalore,2024-10,10,0.46,MODIS,0.275,0.185,22.4,243.8,0.266
Bangalore,2024-11,11,0.266,Sentinel2,0.46,-0.194,21.2,53.1,0.2409
Bangalore,2024-12,12,0.2409,Sentinel2,0.266,-0.0251,20.7,73.3,0.2292
Bangalore,2025-01,1,0.2292,Sentinel2,0.2409,-0.0117,19.9,5.2,0.2185
Bangalore,2025-02,2,0.2185,Sentinel2,0.2292,-0.0107,22.8,0,0.2765
Bangalore,2025-03,3,0.2765,Sentinel2,0.2185,0.058,25.3,18.9,0.2861
Bangalore,2025-04,4,0.2861,Sentinel2,0.2765,0.0096,25.6,74.6,0.2865
Bangalore,2025-05,5,0.2865,Sentinel2,0.2861,0.0004,24.3,213.7,0.242
Bangalore,2025-06,6,0.242,Sentinel2,0.2865,-0.0445,23,84.7,0.1862
Bangalore,2025-07,7,0.1862,MODIS,0.242,-0.0558,22.3,137.2,0.3319
Bangalore,2025-08,8,0.3319,MODIS,0.1862,0.1457,21.9,208.4,0.3847
Bangalore,2025-09,9,0.3847,MODIS,0.3319,0.0528,22.2,70.3,0.424
Bangalore,2025-10,10,0.424,MODIS,0.3847,0.0393,21.9,170.6,0.1499
Bangalore,2025-11,11,0.1499,Sentinel2,0.424,-0.2741,20.8,42.5,0.251
Mysore,2010-01,1,0.3563,MODIS,,,23.2,3,0.3159
Mysore,2010-02,2,0.3159,MODIS,0.3563,-0.0404,25.8,2.2,0.3238
Mysore,2010-03,3,0.3238,MODIS,0.3159,0.0079,27.9,2.2,0.3845
Mysore,2010-04,4,0.3845,MODIS,0.3238,0.0607,28.1,79.9,0.4313
Mysore,2010-05,5,0.4313,MODIS,0.3845,0.0468,26.6,134.1,0.3759
Mysore,2010-06,6,0.3759,MODIS,0.4313,-0.0554,24.1,215.2,0.3641
Mysore,2010-07,7,0.3641,MODIS,0.3759,-0.0118,22.7,294.7,0.3833
Mysore,2010-08,8,0.3833,MODIS,0.3641,0.0192,23.1,203.9,0.4338
Mysore,2010-09,9,0.4338,MODIS,0.3833,0.0505,23.2,122.5,0.3188
Mysore,2010-10,10,0.3188,MODIS,0.4338,-0.115,23,155.6,0.2874
Mysore,2010-11,11,0.2874,MODIS,0.3188,-0.0314,22.1,212,0.3917
Mysore,2010-12,12,0.3917,MODIS,0.2874,0.1043,20.8,25.7,0.3579
Mysore,2011-01,1,0.3579,MODIS,0.3917,-0.0338,21.7,1,0.3331
Mysore,2011-02,2,0.3331,MODIS,0.3579,-0.0248,23.1,13.9,0.3505
Mysore,2011-03,3,0.3505,MODIS,0.3331,0.0174,26.1,4.2,0.3718
Mysore,2011-04,4,0.3718,MODIS,0.3505,0.0213,26.3,97.9,0.4143
Mysore,2011-05,5,0.4143,MODIS,0.3718,0.0425,26,83.7,0.317
Mysore,2011-06,6,0.317,MODIS,0.4143,-0.0973,23.5,172.6,0.3493
Mysore,2011-07,7,0.3493,MODIS,0.317,0.0323,22.8,211.8,0.3879
Mysore,2011-08,8,0.3879,MODIS,0.3493,0.0386,22.6,265.6,0.3858
Mysore,2011-09,9,0.3858,MODIS,0.3879,-0.0021,23.1,133.5,0.4641
Mysore,2011-10,10,0.4641,MODIS,0.3858,0.0783,23.2,176.8,0.4387
Mysore,2011-11,11,0.4387,MODIS,0.4641,-0.0254,21.7,113.3,0.3821
Mysore,2011-12,12,0.3821,MODIS,0.4387,-0.0566,21,6.4,0.3479
Mysore,2012-01,1,0.3479,MODIS,0.3821,-0.0342,21.9,0.7,0.3025
Mysore,2012-02,2,0.3025,MODIS,0.3479,-0.0454,24.5,0.2,0.3063
Mysore,2012-03,3,0.3063,MODIS,0.3025,0.0038,27.2,0.9,0.3436
Mysore,2012-04,4,0.3436,MODIS,0.3063,0.0373,27.3,73.4,0.3779
Mysore,2012-05,5,0.3779,MODIS,0.3436,0.0343,26,64.5,0.3254
Mysore,2012-06,6,0.3254,MODIS,0.3779,-0.0525,24,132.7,0.2549
Mysore,2012-07,7,0.2549,MODIS,0.3254,-0.0705,23.3,113.7,0.278
Mysore,2012-08,8,0.278,MODIS,0.2549,0.0231,22.7,243.1,0.3824
Mysore,2012-09,9,0.3824,MODIS,0.278,0.1044,23.1,97.4,0.4252
Mysore,2012-10,10,0.4252,MODIS,0.3824,0.0428,23,202.1,0.4045
Mysore,2012-11,11,0.4045,MODIS,0.4252,-0.0207,22.5,30.7,0.359
Mysore,2012-12,12,0.359,MODIS,0.4045,-0.0455,22.7,24.4,0.313
Mysore,2013-01,1,0.313,MODIS,0.359,-0.046,23.7,0,0.305
Mysore,2013-02,2,0.305,MODIS,0.313,-0.008,25,8.6,0.3118
Mysore,2013-03,3,0.3118,MODIS,0.305,0.0068,27.3,10,0.3241
Mysore,2013-04,4,0.3241,MODIS,0.3118,0.0123,28,24.6,0.3758
Mysore,2013-05,5,0.3758,MODIS,0.3241,0.0517,26.4,136.3,0.1981
Mysore,2013-06,6,0.1981,MODIS,0.3758,-0.1777,22.7,221.5,0.1808
Mysore,2013-07,7,0.1808,MODIS,0.1981,-0.0173,22.5,149.7,0.2981
Mysore,2013-08,8,0.2981,MODIS,0.1808,0.1173,22.9,112.1,0.3825
Mysore,2013-09,9,0.3825,MODIS,0.2981,0.0844,22.9,166.6,0.3312
Mysore,2013-10,10,0.3312,MODIS,0.3825,-0.0513,23,89.2,0.409
Mysore,2013-11,11,0.409,MODIS,0.3312,0.0778,23.1,22.7,0.357
Mysore,2013-12,12,0.357,MODIS,0.409,-0.052,22.1,8.5,0.3178
Mysore,2014-01,1,0.3178,MODIS,0.357,-0.0392,23.1,0.1,0.3006
Mysore,2014-02,2,0.3006,MODIS,0.3178,-0.0172,24.5,6.6,0.3381
Mysore,2014-03,3,0.3381,MODIS,0.3006,0.0375,27,12.4,0.3135
Mysore,2014-04,4,0.3135,MODIS,0.3381,-0.0246,28,39.3,0.3839
Mysore,2014-05,5,0.3839,MODIS,0.3135,0.0704,26.6,100.1,0.3204
Mysore,2014-06,6,0.3204,MODIS,0.3839,-0.0635,25.4,55.6,0.2111
Mysore,2014-07,7,0.2111,MODIS,0.3204,-0.1093,23.1,213.8,0.3593
Mysore,2014-08,8,0.3593,MODIS,0.2111,0.1482,22.9,184.3,0.4226
Mysore,2014-09,9,0.4226,MODIS,0.3593,0.0633,23.5,130.5,0.4426
Mysore,2014-10,10,0.4426,MODIS,0.4226,0.02,23.1,226.5,0.4133
Mysore,2014-11,11,0.4133,MODIS,0.4426,-0.0293,22.3,45.5,0.3747
Mysore,2014-12,12,0.3747,MODIS,0.4133,-0.0386,22.6,29.1,0.348
Mysore,2015-01,1,0.348,MODIS,0.3747,-0.0267,22.9,1.7,0.3109
Mysore,2015-02,2,0.3109,MODIS,0.348,-0.0371,24.7,0.2,0.3606
Mysore,2015-03,3,0.3606,MODIS,0.3109,0.0497,27,20,0.3456
Mysore,2015-04,4,0.3456,MODIS,0.3606,-0.015,26.5,95.9,0.4107
Mysore,2015-05,5,0.4107,MODIS,0.3456,0.0651,25.7,155.2,0.4147
Mysore,2015-06,6,0.4147,MODIS,0.4107,0.004,24.1,111.4,0.4272
Mysore,2015-07,7,0.4272,MODIS,0.4147,0.0125,23.7,136.9,0.4015
Mysore,2015-08,8,0.4015,MODIS,0.4272,-0.0257,23.7,138.7,0.41
Mysore,2015-09,9,0.41,MODIS,0.4015,0.0085,24,133.5,0.4436
Mysore,2015-10,10,0.4436,MODIS,0.41,0.0336,24.5,46.2,0.3364
Mysore,2015-11,11,0.3364,MODIS,0.4436,-0.1072,22,259.3,0.1895
Mysore,2015-12,12,0.1895,Sentinel2,0.3364,-0.1469,22.3,18.9,0.1698
Mysore,2016-01,1,0.1698,Sentinel2,0.1895,-0.0197,23,3.8,0.3098
Mysore,2016-02,2,0.3098,MODIS,0.1698,0.14,25.8,1.2,0.1769
Mysore,2016-03,3,0.1769,Sentinel2,0.3098,-0.1329,28.1,5.3,0.1963
Mysore,2016-04,4,0.1963,Sentinel2,0.1769,0.0194,29.3,8.3,0.3155
Mysore,2016-05,5,0.3155,MODIS,0.1963,0.1192,26.9,105.3,0.3417
Mysore,2016-06,6,0.3417,MODIS,0.3155,0.0262,23.7,214.7,0.3737
Mysore,2016-07,7,0.3737,MODIS,0.3417,0.032,23.1,190.6,0.3734
Mysore,2016-08,8,0.3734,MODIS,0.3737,-0.0003,23.5,76.1,0.2901
Mysore,2016-09,9,0.2901,MODIS,0.3734,-0.0833,23.5,48.4,0.3444
Mysore,2016-10,10,0.3444,MODIS,0.2901,0.0543,24.5,17,0.1907
Mysore,2016-11,11,0.1907,Sentinel2,0.3444,-0.1537,25,8.7,0.1711
Mysore,2016-12,12,0.1711,Sentinel2,0.1907,-0.0196,22.9,52.4,0.3309
Mysore,2017-01,1,0.3309,MODIS,0.1711,0.1598,23.2,13.9,0.1611
Mysore,2017-02,2,0.1611,Sentinel2,0.3309,-0.1698,25,0.1,0.3153
Mysore,2017-03,3,0.3153,MODIS,0.1611,0.1542,27.5,12.5,0.1813
Mysore,2017-04,4,0.1813,Sentinel2,0.3153,-0.134,28.2,22.6,0.4005
Mysore,2017-05,5,0.4005,MODIS,0.1813,0.2192,26.3,155.9,0.2802
Mysore,2017-06,6,0.2802,MODIS,0.4005,-0.1203,23.8,108.6,0.2333
Mysore,2017-07,7,0.2333,MODIS,0.2802,-0.0469,23.6,94.9,0.3149
Mysore,2017-08,8,0.3149,MODIS,0.2333,0.0816,23.2,257.1,0.3743
Mysore,2017-09,9,0.3743,MODIS,0.3149,0.0594,23.4,212.3,0.2121
Mysore,2017-10,10,0.2121,Sentinel2,0.3743,-0.1622,23.4,70.8,0.4091
Mysore,2017-11,11,0.4091,MODIS,0.2121,0.197,23.1,41.3,0.185
Mysore,2017-12,12,0.185,Sentinel2,0.4091,-0.2241,22.3,21.9,0.1599
Mysore,2018-01,1,0.1599,Sentinel2,0.185,-0.0251,22.7,0.8,0.1654
Mysore,2018-02,2,0.1654,Sentinel2,0.1599,0.0055,24.1,11.6,0.1823
Mysore,2018-03,3,0.1823,Sentinel2,0.1654,0.0169,26.4,42.9,0.3443
Mysore,2018-04,4,0.3443,MODIS,0.1823,0.162,27.8,30.3,0.3914
Mysore,2018-05,5,0.3914,MODIS,0.3443,0.0471,25.9,222,0.3367
Mysore,2018-06,6,0.3367,MODIS,0.3914,-0.0547,23.5,179.2,0.2741
Mysore,2018-07,7,0.2741,MODIS,0.3367,-0.0626,23.1,124,0.3345
Mysore,2018-08,8,0.3345,MODIS,0.2741,0.0604,22.7,181.3,0.3632
Mysore,2018-09,9,0.3632,MODIS,0.3345,0.0287,23.8,92.6,0.2253
Mysore,2018-10,10,0.2253,Sentinel2,0.3632,-0.1379,23.5,93.7,0.2063
Mysore,2018-11,11,0.2063,Sentinel2,0.2253,-0.019,23.5,40.6,0.1782
Mysore,2018-12,12,0.1782,Sentinel2,0.2063,-0.0281,23.5,12.1,0.1858
Mysore,2019-01,1,0.1858,Sentinel2,0.1782,0.0076,22.4,3,0.1777
Mysore,2019-02,2,0.1777,Sentinel2,0.1858,-0.0081,25.7,2.7,0.1838
Mysore,2019-03,3,0.1838,Sentinel2,0.1777,0.0061,28,1.1,0.227
Mysore,2019-04,4,0.227,Sentinel2,0.1838,0.0432,28.4,45.8,0.3149
Mysore,2019-05,5,0.3149,Sentinel2,0.227,0.0879,27.2,93.2,0.2941
Mysore,2019-06,6,0.2941,MODIS,0.3149,-0.0208,25,100.5,0.2417
Mysore,2019-07,7,0.2417,MODIS,0.2941,-0.0524,23.6,155.9,0.2949
Mysore,2019-08,8,0.2949,MODIS,0.2417,0.0532,23,184.8,0.358
Mysore,2019-09,9,0.358,MODIS,0.2949,0.0631,23.5,120.7,0.3466
Mysore,2019-10,10,0.3466,Sentinel2,0.358,-0.0114,23,274.8,0.2637
Mysore,2019-11,11,0.2637,Sentinel2,0.3466,-0.0829,23.1,70.7,0.2763
Mysore,2019-12,12,0.2763,Sentinel2,0.2637,0.0126,22.1,60.2,0.2026
Mysore,2020-01,1,0.2026,Sentinel2,0.2763,-0.0737,23.4,1.1,0.2307
Mysore,2020-02,2,0.2307,Sentinel2,0.2026,0.0281,24.8,0.5,0.2469
Mysore,2020-03,3,0.2469,Sentinel2,0.2307,0.0162,27.4,8.1,0.2734
Mysore,2020-04,4,0.2734,Sentinel2,0.2469,0.0265,28,36.2,0.2848
Mysore,2020-05,5,0.2848,Sentinel2,0.2734,0.0114,28.1,71,0.322
Mysore,2020-06,6,0.322,MODIS,0.2848,0.0372,24.2,125.3,0.1954
Mysore,2020-07,7,0.1954,MODIS,0.322,-0.1266,23.2,254.6,0.4113
Mysore,2020-08,8,0.4113,MODIS,0.1954,0.2159,23.3,194.4,0.4278
Mysore,2020-09,9,0.4278,MODIS,0.4113,0.0165,22.9,214.5,0.323
Mysore,2020-10,10,0.323,Sentinel2,0.4278,-0.1048,23,70.7,0.2327
Mysore,2020-11,11,0.2327,Sentinel2,0.323,-0.0903,22.8,50,0.273
Mysore,2020-12,12,0.273,Sentinel2,0.2327,0.0403,21.5,84.1,0.1957
Mysore,2021-01,1,0.1957,Sentinel2,0.273,-0.0773,22.3,41,0.1775
Mysore,2021-02,2,0.1775,Sentinel2,0.1957,-0.0182,23.6,13.9,0.225
Mysore,2021-03,3,0.225,Sentinel2,0.1775,0.0475,26.9,0.2,0.2253
Mysore,2021-04,4,0.2253,Sentinel2,0.225,0.0003,26.9,72.9,0.3147
Mysore,2021-05,5,0.3147,Sentinel2,0.2253,0.0894,25.4,101.2,0.2701
Mysore,2021-06,6,0.2701,Sentinel2,0.3147,-0.0446,23.9,113.3,0.2997
Mysore,2021-07,7,0.2997,MODIS,0.2701,0.0296,23,222.1,0.3999
Mysore,2021-08,8,0.3999,MODIS,0.2997,0.1002,23.1,173.8,0.3663
Mysore,2021-09,9,0.3663,MODIS,0.3999,-0.0336,23.3,124.8,0.3624
Mysore,2021-10,10,0.3624,Sentinel2,0.3663,-0.0039,23.2,340.5,0.3428
Mysore,2021-11,11,0.3428,Sentinel2,0.3624,-0.0196,21.9,232.5,0.2052
Mysore,2021-12,12,0.2052,Sentinel2,0.3428,-0.1376,21.5,10.3,0.2711
Mysore,2022-01,1,0.2711,Sentinel2,0.2052,0.0659,22.3,2.4,0.2187
Mysore,2022-02,2,0.2187,Sentinel2,0.2711,-0.0524,24,0.1,0.1811
Mysore,2022-03,3,0.1811,Sentinel2,0.2187,-0.0376,26.4,7,0.1955
Mysore,2022-04,4,0.1955,Sentinel2,0.1811,0.0144,27.3,46.6,0.2345
Mysore,2022-05,5,0.2345,Sentinel2,0.1955,0.039,24.7,202,0.2426
Mysore,2022-06,6,0.2426,Sentinel2,0.2345,0.0081,24,130.9,0.3113
Mysore,2022-07,7,0.3113,MODIS,0.2426,0.0687,22.8,295.1,0.2405
Mysore,2022-08,8,0.2405,Sentinel2,0.3113,-0.0708,23,226.1,0.2248
Mysore,2022-09,9,0.2248,Sentinel2,0.2405,-0.0157,23.3,89,0.1932
Mysore,2022-10,10,0.1932,Sentinel2,0.2248,-0.0316,22.6,142.3,0.2177
Mysore,2022-11,11,0.2177,Sentinel2,0.1932,0.0245,21.7,54,0.1858
Mysore,2022-12,12,0.1858,Sentinel2,0.2177,-0.0319,21.4,78.1,0.159
Mysore,2023-01,1,0.159,Sentinel2,0.1858,-0.0268,21.4,3.3,0.1802
Mysore,2023-02,2,0.1802,Sentinel2,0.159,0.0212,23.8,0,0.1831
Mysore,2023-03,3,0.1831,Sentinel2,0.1802,0.0029,26,4.5,0.1929
Mysore,2023-04,4,0.1929,Sentinel2,0.1831,0.0098,27.6,36.7,0.2326
Mysore,2023-05,5,0.2326,Sentinel2,0.1929,0.0397,26,173.1,0.2951
Mysore,2023-06,6,0.2951,MODIS,0.2326,0.0625,24.9,93.8,0.2797
Mysore,2023-07,7,0.2797,MODIS,0.2951,-0.0154,23.1,245.9,0.2122
Mysore,2023-08,8,0.2122,Sentinel2,0.2797,-0.0675,24.5,28.1,0.3904
Mysore,2023-09,9,0.3904,MODIS,0.2122,0.1782,23.9,91.8,0.206
Mysore,2023-10,10,0.206,Sentinel2,0.3904,-0.1844,24.5,95,0.2114
Mysore,2023-11,11,0.2114,Sentinel2,0.206,0.0054,23.5,133.9,0.1858
Mysore,2023-12,12,0.1858,Sentinel2,0.2114,-0.0256,23.8,22,0.166
Mysore,2024-01,1,0.166,Sentinel2,0.1858,-0.0198,23.8,26,0.1599
Mysore,2024-02,2,0.1599,Sentinel2,0.166,-0.0061,26.2,0.2,0.1803
Mysore,2024-03,3,0.1803,Sentinel2,0.1599,0.0204,28.3,0.2,0.1885
Mysore,2024-04,4,0.1885,Sentinel2,0.1803,0.0082,30.1,1.7,0.168
Mysore,2024-05,5,0.168,Sentinel2,0.1885,-0.0205,26.8,180.5,0.3111
Mysore,2024-06,6,0.3111,MODIS,0.168,0.1431,24.3,137.6,0.3376
Mysore,2024-07,7,0.3376,MODIS,0.3111,0.0265,23.4,346.9,0.3397
Mysore,2024-08,8,0.3397,MODIS,0.3376,0.0021,23.7,203.6,0.3834
Mysore,2024-09,9,0.3834,MODIS,0.3397,0.0437,23.9,35.4,0.2084
Mysore,2024-10,10,0.2084,Sentinel2,0.3834,-0.175,23.3,212,0.4227
Mysore,2024-11,11,0.4227,MODIS,0.2084,0.2143,22.4,88.2,0.194
Mysore,2024-12,12,0.194,Sentinel2,0.4227,-0.2287,22,97.8,0.1677
Mysore,2025-01,1,0.1677,Sentinel2,0.194,-0.0263,21.5,4.5,0.1587
Mysore,2025-02,2,0.1587,Sentinel2,0.1677,-0.009,24.5,0,0.187
Mysore,2025-03,3,0.187,Sentinel2,0.1587,0.0283,26.9,13.7,0.2001
Mysore,2025-04,4,0.2001,Sentinel2,0.187,0.0131,27,67.4,0.2049
Mysore,2025-05,5,0.2049,Sentinel2,0.2001,0.0048,25.4,171,0.2288
Mysore,2025-06,6,0.2288,Sentinel2,0.2049,0.0239,23.8,112.3,0.2144
Mysore,2025-07,7,0.2144,MODIS,0.2288,-0.0144,22.9,207.1,0.3131
Mysore,2025-08,8,0.3131,MODIS,0.2144,0.0987,22.8,168.7,0.3322
Mysore,2025-09,9,0.3322,MODIS,0.3131,0.0191,23.3,70,0.1772
Mysore,2025-10,10,0.1772,Sentinel2,0.3322,-0.155,23.1,140.9,0.2085
Mysore,2025-11,11,0.2085,Sentinel2,0.1772,0.0313,22.5,26.8,0.1795
Mandya,2010-01,1,0.3681,MODIS,,,23.3,2.8,0.3314
Mandya,2010-02,2,0.3314,MODIS,0.3681,-0.0367,25.9,3.3,0.3572
Mandya,2010-03,3,0.3572,MODIS,0.3314,0.0258,28.3,2.1,0.3901
Mandya,2010-04,4,0.3901,MODIS,0.3572,0.0329,28.5,75,0.403
Mandya,2010-05,5,0.403,MODIS,0.3901,0.0129,27.1,149.1,0.3508
Mandya,2010-06,6,0.3508,MODIS,0.403,-0.0522,24.7,162,0.3041
Mandya,2010-07,7,0.3041,MODIS,0.3508,-0.0467,23.2,230.6,0.3022
Mandya,2010-08,8,0.3022,MODIS,0.3041,-0.0019,23.5,171,0.432
Mandya,2010-09,9,0.432,MODIS,0.3022,0.1298,23.5,115.4,0.3826
Mandya,2010-10,10,0.3826,MODIS,0.432,-0.0494,23.3,128.5,0.3901
Mandya,2010-11,11,0.3901,MODIS,0.3826,0.0075,22.2,231.4,0.3992
Mandya,2010-12,12,0.3992,MODIS,0.3901,0.0091,20.8,18.6,0.3596
Mandya,2011-01,1,0.3596,MODIS,0.3992,-0.0396,21.7,0.8,0.3431
Mandya,2011-02,2,0.3431,MODIS,0.3596,-0.0165,23.1,10.3,0.3712
Mandya,2011-03,3,0.3712,MODIS,0.3431,0.0281,26.4,5,0.431
Mandya,2011-04,4,0.431,MODIS,0.3712,0.0598,26.8,73.9,0.3941
Mandya,2011-05,5,0.3941,MODIS,0.431,-0.0369,26.8,94.9,0.2898
Mandya,2011-06,6,0.2898,MODIS,0.3941,-0.1043,24.2,107.5,0.2912
Mandya,2011-07,7,0.2912,MODIS,0.2898,0.0014,23.5,201.9,0.2753
Mandya,2011-08,8,0.2753,MODIS,0.2912,-0.0159,23.1,243.6,0.4039
Mandya,2011-09,9,0.4039,MODIS,0.2753,0.1286,23.4,95.5,0.513
Mandya,2011-10,10,0.513,MODIS,0.4039,0.1091,23.4,182.6,0.4423
Mandya,2011-11,11,0.4423,MODIS,0.513,-0.0707,21.7,95.5,0.3972
Mandya,2011-12,12,0.3972,MODIS,0.4423,-0.0451,21.1,6.7,0.357
Mandya,2012-01,1,0.357,MODIS,0.3972,-0.0402,22,0.7,0.3268
Mandya,2012-02,2,0.3268,MODIS,0.357,-0.0302,24.5,0.1,0.336
Mandya,2012-03,3,0.336,MODIS,0.3268,0.0092,27.5,0.6,0.3795
Mandya,2012-04,4,0.3795,MODIS,0.336,0.0435,27.9,60.8,0.3982
Mandya,2012-05,5,0.3982,MODIS,0.3795,0.0187,26.6,65.7,0.3488
Mandya,2012-06,6,0.3488,MODIS,0.3982,-0.0494,24.7,101.4,0.3267
Mandya,2012-07,7,0.3267,MODIS,0.3488,-0.0221,24,91.2,0.2759
Mandya,2012-08,8,0.2759,MODIS,0.3267,-0.0508,23.3,211.2,0.3676
Mandya,2012-09,9,0.3676,MODIS,0.2759,0.0917,23.6,94.2,0.4471
Mandya,2012-10,10,0.4471,MODIS,0.3676,0.0795,23.3,153.7,0.3984
Mandya,2012-11,11,0.3984,MODIS,0.4471,-0.0487,22.8,35.7,0.371
Mandya,2012-12,12,0.371,MODIS,0.3984,-0.0274,22.7,32.3,0.3312
Mandya,2013-01,1,0.3312,MODIS,0.371,-0.0398,23.6,0,0.317
Mandya,2013-02,2,0.317,MODIS,0.3312,-0.0142,25.1,9,0.3349
Mandya,2013-03,3,0.3349,MODIS,0.317,0.0179,27.9,7.2,0.3486
Mandya,2013-04,4,0.3486,MODIS,0.3349,0.0137,28.8,17.1,0.4076
Mandya,2013-05,5,0.4076,MODIS,0.3486,0.059,27.3,108,0.1918
Mandya,2013-06,6,0.1918,MODIS,0.4076,-0.2158,23.4,178.3,0.2825
Mandya,2013-07,7,0.2825,MODIS,0.1918,0.0907,23.1,126,0.3163
Mandya,2013-08,8,0.3163,MODIS,0.2825,0.0338,23.4,102.3,0.3897
Mandya,2013-09,9,0.3897,MODIS,0.3163,0.0734,23.2,183.3,0.4733
Mandya,2013-10,10,0.4733,MODIS,0.3897,0.0836,23.3,98.5,0.4196
Mandya,2013-11,11,0.4196,MODIS,0.4733,-0.0537,23.1,21.5,0.3793
Mandya,2013-12,12,0.3793,MODIS,0.4196,-0.0403,22,7.2,0.339
Mandya,2014-01,1,0.339,MODIS,0.3793,-0.0403,22.8,0.1,0.3225
Mandya,2014-02,2,0.3225,MODIS,0.339,-0.0165,24.5,5.2,0.3573
Mandya,2014-03,3,0.3573,MODIS,0.3225,0.0348,27.2,9.9,0.4159
Mandya,2014-04,4,0.4159,MODIS,0.3573,0.0586,29,20.5,0.3791
Mandya,2014-05,5,0.3791,MODIS,0.4159,-0.0368,27.3,107,0.3661
Mandya,2014-06,6,0.3661,MODIS,0.3791,-0.013,26.1,61.1,0.2717
Mandya,2014-07,7,0.2717,MODIS,0.3661,-0.0944,23.9,149.5,0.3157
Mandya,2014-08,8,0.3157,MODIS,0.2717,0.044,23.5,129.7,0.3872
Mandya,2014-09,9,0.3872,MODIS,0.3157,0.0715,24.1,121,0.4715
Mandya,2014-10,10,0.4715,MODIS,0.3872,0.0843,23.5,215,0.4284
Mandya,2014-11,11,0.4284,MODIS,0.4715,-0.0431,22.4,37.9,0.3379
Mandya,2014-12,12,0.3379,MODIS,0.4284,-0.0905,23,14.6,0.3394
Mandya,2015-01,1,0.3394,MODIS,0.3379,0.0015,23.2,2.2,0.3133
Mandya,2015-02,2,0.3133,MODIS,0.3394,-0.0261,24.8,0.1,0.3481
Mandya,2015-03,3,0.3481,MODIS,0.3133,0.0348,27.4,12.9,0.3698
Mandya,2015-04,4,0.3698,MODIS,0.3481,0.0217,27.1,99.5,0.3991
Mandya,2015-05,5,0.3991,MODIS,0.3698,0.0293,26.2,147.9,0.3599
Mandya,2015-06,6,0.3599,MODIS,0.3991,-0.0392,24.7,100.4,0.2971
Mandya,2015-07,7,0.2971,MODIS,0.3599,-0.0628,24.5,97.8,0.4206
Mandya,2015-08,8,0.4206,MODIS,0.2971,0.1235,24.3,103.7,0.4359
Mandya,2015-09,9,0.4359,MODIS,0.4206,0.0153,24.4,128.8,0.4562
Mandya,2015-10,10,0.4562,MODIS,0.4359,0.0203,24.8,58.3,0.3831
Mandya,2015-11,11,0.3831,MODIS,0.4562,-0.0731,22.2,265.9,0.1933
Mandya,2015-12,12,0.1933,Sentinel2,0.3831,-0.1898,22.2,25.7,0.1912
Mandya,2016-01,1,0.1912,Sentinel2,0.1933,-0.0021,22.8,2.7,0.1634
Mandya,2016-02,2,0.1634,Sentinel2,0.1912,-0.0278,25.9,0.2,0.1679
Mandya,2016-03,3,0.1679,Sentinel2,0.1634,0.0045,28.4,2.4,0.1854
Mandya,2016-04,4,0.1854,Sentinel2,0.1679,0.0175,30.1,7.7,0.1766
Mandya,2016-05,5,0.1766,Sentinel2,0.1854,-0.0088,27.6,89.4,0.2799
Mandya,2016-06,6,0.2799,MODIS,0.1766,0.1033,24.2,199.5,0.3004
Mandya,2016-07,7,0.3004,MODIS,0.2799,0.0205,23.6,175.6,0.3009
Mandya,2016-08,8,0.3009,MODIS,0.3004,0.0005,24.1,49.5,0.3543
Mandya,2016-09,9,0.3543,MODIS,0.3009,0.0534,24.2,42.8,0.4206
Mandya,2016-10,10,0.4206,MODIS,0.3543,0.0663,25.1,17.2,0.1992
Mandya,2016-11,11,0.1992,Sentinel2,0.4206,-0.2214,25.3,5.4,0.1921
Mandya,2016-12,12,0.1921,Sentinel2,0.1992,-0.0071,22.9,45.6,0.1814
Mandya,2017-01,1,0.1814,Sentinel2,0.1921,-0.0107,23.2,18.8,0.174
Mandya,2017-02,2,0.174,Sentinel2,0.1814,-0.0074,24.7,0,0.1722
Mandya,2017-03,3,0.1722,Sentinel2,0.174,-0.0018,28,10.1,0.1805
Mandya,2017-04,4,0.1805,Sentinel2,0.1722,0.0083,29.2,12.3,0.4253
Mandya,2017-05,5,0.4253,MODIS,0.1805,0.2448,27.2,160.7,0.2151
Mandya,2017-06,6,0.2151,MODIS,0.4253,-0.2102,24.6,79.7,0.2874
Mandya,2017-07,7,0.2874,MODIS,0.2151,0.0723,24.5,70.2,0.3015
Mandya,2017-08,8,0.3015,MODIS,0.2874,0.0141,23.9,183.4,0.3655
Mandya,2017-09,9,0.3655,MODIS,0.3015,0.064,23.8,216.5,0.2102
Mandya,2017-10,10,0.2102,Sentinel2,0.3655,-0.1553,23.7,58.5,0.4324
Mandya,2017-11,11,0.4324,MODIS,0.2102,0.2222,23.4,46.4,0.1961
Mandya,2017-12,12,0.1961,Sentinel2,0.4324,-0.2363,22.5,19.9,0.1132
Mandya,2018-01,1,0.1132,Sentinel2,0.1961,-0.0829,22.8,0.8,0.1715
Mandya,2018-02,2,0.1715,Sentinel2,0.1132,0.0583,24,13.1,0.179
Mandya,2018-03,3,0.179,Sentinel2,0.1715,0.0075,26.6,33.6,0.4027
Mandya,2018-04,4,0.4027,MODIS,0.179,0.2237,28.5,25.5,0.4286
Mandya,2018-05,5,0.4286,MODIS,0.4027,0.0259,26.4,218.1,0.3573
Mandya,2018-06,6,0.3573,MODIS,0.4286,-0.0713,24.1,152,0.2862
Mandya,2018-07,7,0.2862,MODIS,0.3573,-0.0711,23.7,82.8,0.2884
Mandya,2018-08,8,0.2884,MODIS,0.2862,0.0022,23.4,116.6,0.1814
Mandya,2018-09,9,0.1814,Sentinel2,0.2884,-0.107,24.4,83.2,0.2257
Mandya,2018-10,10,0.2257,Sentinel2,0.1814,0.0443,23.8,85.5,0.2036
Mandya,2018-11,11,0.2036,Sentinel2,0.2257,-0.0221,23.8,55,0.196
Mandya,2018-12,12,0.196,Sentinel2,0.2036,-0.0076,23.7,8.4,0.1984
Mandya,2019-01,1,0.1984,Sentinel2,0.196,0.0024,22.5,5.4,0.1881
Mandya,2019-02,2,0.1881,Sentinel2,0.1984,-0.0103,25.9,2.8,0.1815
Mandya,2019-03,3,0.1815,Sentinel2,0.1881,-0.0066,28.6,0.5,0.2004
Mandya,2019-04,4,0.2004,Sentinel2,0.1815,0.0189,29.1,43.9,0.2803
Mandya,2019-05,5,0.2803,Sentinel2,0.2004,0.0799,28.1,94.2,0.3436
Mandya,2019-06,6,0.3436,Sentinel2,0.2803,0.0633,25.7,82.2,0.2522
Mandya,2019-07,7,0.2522,MODIS,0.3436,-0.0914,24.4,149.9,0.2752
Mandya,2019-08,8,0.2752,MODIS,0.2522,0.023,23.6,142.5,0.4312
Mandya,2019-09,9,0.4312,MODIS,0.2752,0.156,24,131.4,0.259
Mandya,2019-10,10,0.259,Sentinel2,0.4312,-0.1722,23.3,249,0.2955
Mandya,2019-11,11,0.2955,Sentinel2,0.259,0.0365,23.3,52.2,0.2294
Mandya,2019-12,12,0.2294,Sentinel2,0.2955,-0.0661,22.3,39.2,0.1741
Mandya,2020-01,1,0.1741,Sentinel2,0.2294,-0.0553,23.8,1.1,0.1858
Mandya,2020-02,2,0.1858,Sentinel2,0.1741,0.0117,25,0.1,0.2166
Mandya,2020-03,3,0.2166,Sentinel2,0.1858,0.0308,27.9,5.6,0.2349
Mandya,2020-04,4,0.2349,Sentinel2,0.2166,0.0183,28.9,22.4,0.3347
Mandya,2020-05,5,0.3347,Sentinel2,0.2349,0.0998,29.1,56.7,0.3275
Mandya,2020-06,6,0.3275,Sentinel2,0.3347,-0.0072,25,106.2,0.3063
Mandya,2020-07,7,0.3063,Sentinel2,0.3275,-0.0212,23.7,301.5,0.2766
Mandya,2020-08,8,0.2766,Sentinel2,0.3063,-0.0297,23.8,148.6,0.4133
Mandya,2020-09,9,0.4133,MODIS,0.2766,0.1367,23.3,216.6,0.3213
Mandya,2020-10,10,0.3213,Sentinel2,0.4133,-0.092,23.3,71.5,0.2802
Mandya,2020-11,11,0.2802,Sentinel2,0.3213,-0.0411,22.8,50.4,0.222
Mandya,2020-12,12,0.222,Sentinel2,0.2802,-0.0582,21.5,56.7,0.2026
Mandya,2021-01,1,0.2026,Sentinel2,0.222,-0.0194,22.5,27.5,0.1826
Mandya,2021-02,2,0.1826,Sentinel2,0.2026,-0.02,23.7,9.3,0.2091
Mandya,2021-03,3,0.2091,Sentinel2,0.1826,0.0265,27.2,0.1,0.2656
Mandya,2021-04,4,0.2656,Sentinel2,0.2091,0.0565,27.5,65.2,0.3262
Mandya,2021-05,5,0.3262,Sentinel2,0.2656,0.0606,26.2,99,0.2945
Mandya,2021-06,6,0.2945,Sentinel2,0.3262,-0.0317,24.8,74.5,0.3631
Mandya,2021-07,7,0.3631,MODIS,0.2945,0.0686,23.7,239.9,0.2938
Mandya,2021-08,8,0.2938,MODIS,0.3631,-0.0693,23.7,114.9,0.3666
Mandya,2021-09,9,0.3666,MODIS,0.2938,0.0728,23.9,114.9,0.1253
Mandya,2021-10,10,0.1253,Sentinel2,0.3666,-0.2413,23.4,369.3,0.302
Mandya,2021-11,11,0.302,Sentinel2,0.1253,0.1767,22.1,241.2,0.2324
Mandya,2021-12,12,0.2324,Sentinel2,0.302,-0.0696,21.4,14.6,0.2471
Mandya,2022-01,1,0.2471,Sentinel2,0.2324,0.0147,22.3,2.5,0.1518
Mandya,2022-02,2,0.1518,Sentinel2,0.2471,-0.0953,23.8,0.1,0.1559
Mandya,2022-03,3,0.1559,Sentinel2,0.1518,0.0041,26.6,3.8,0.1822
Mandya,2022-04,4,0.1822,Sentinel2,0.1559,0.0263,27.7,39.7,0.1999
Mandya,2022-05,5,0.1999,Sentinel2,0.1822,0.0177,25.4,161.1,0.2346
Mandya,2022-06,6,0.2346,Sentinel2,0.1999,0.0347,24.5,137.9,0.3686
Mandya,2022-07,7,0.3686,MODIS,0.2346,0.134,23.4,248.4,0.2171
Mandya,2022-08,8,0.2171,Sentinel2,0.3686,-0.1515,23.5,173.4,0.2098
Mandya,2022-09,9,0.2098,Sentinel2,0.2171,-0.0073,23.6,119.6,0.2176
Mandya,2022-10,10,0.2176,Sentinel2,0.2098,0.0078,22.7,129.8,0.205
Mandya,2022-11,11,0.205,Sentinel2,0.2176,-0.0126,21.7,48.3,0.1843
Mandya,2022-12,12,0.1843,Sentinel2,0.205,-0.0207,21.4,69.2,0.1687
Mandya,2023-01,1,0.1687,Sentinel2,0.1843,-0.0156,21.4,0.2,0.1588
Mandya,2023-02,2,0.1588,Sentinel2,0.1687,-0.0099,23.9,0.1,0.1673
Mandya,2023-03,3,0.1673,Sentinel2,0.1588,0.0085,26.2,2.9,0.1721
Mandya,2023-04,4,0.1721,Sentinel2,0.1673,0.0048,28.2,26.4,0.1786
Mandya,2023-05,5,0.1786,Sentinel2,0.1721,0.0065,26.6,132.9,0.1556
Mandya,2023-06,6,0.1556,Sentinel2,0.1786,-0.023,25.8,84.7,0.2833
Mandya,2023-07,7,0.2833,MODIS,0.1556,0.1277,23.7,177.7,0.1887
Mandya,2023-08,8,0.1887,Sentinel2,0.2833,-0.0946,25.3,33.8,0.292
Mandya,2023-09,9,0.292,MODIS,0.1887,0.1033,24.8,82.4,0.2035
Mandya,2023-10,10,0.2035,Sentinel2,0.292,-0.0885,25.2,74.2,0.1941
Mandya,2023-11,11,0.1941,Sentinel2,0.2035,-0.0094,23.7,123.4,0.161
Mandya,2023-12,12,0.161,Sentinel2,0.1941,-0.0331,24,17.2,0.1488
Mandya,2024-01,1,0.1488,Sentinel2,0.161,-0.0122,23.9,23.9,0.1472
Mandya,2024-02,2,0.1472,Sentinel2,0.1488,-0.0016,26.4,0.5,0.1533
Mandya,2024-03,3,0.1533,Sentinel2,0.1472,0.0061,28.9,0.1,0.1625
Mandya,2024-04,4,0.1625,Sentinel2,0.1533,0.0092,30.8,3.2,0.162
Mandya,2024-05,5,0.162,Sentinel2,0.1625,-0.0005,27.5,154,0.209
Mandya,2024-06,6,0.209,Sentinel2,0.162,0.047,25,112.8,0.2642
Mandya,2024-07,7,0.2642,MODIS,0.209,0.0552,24,242.2,0.3884
Mandya,2024-08,8,0.3884,MODIS,0.2642,0.1242,24.2,221.2,0.15
Mandya,2024-09,9,0.15,Sentinel2,0.3884,-0.2384,24.5,33.7,0.1977
Mandya,2024-10,10,0.1977,Sentinel2,0.15,0.0477,23.6,215.8,0.1914
Mandya,2024-11,11,0.1914,Sentinel2,0.1977,-0.0063,22.6,47.1,0.1652
Mandya,2024-12,12,0.1652,Sentinel2,0.1914,-0.0262,22.2,70.6,0.1535
Mandya,2025-01,1,0.1535,Sentinel2,0.1652,-0.0117,21.7,6.1,0.1475
Mandya,2025-02,2,0.1475,Sentinel2,0.1535,-0.006,24.6,0,0.1647
Mandya,2025-03,3,0.1647,Sentinel2,0.1475,0.0172,27.2,17.8,0.1816
Mandya,2025-04,4,0.1816,Sentinel2,0.1647,0.0169,27.3,60.6,0.15
Mandya,2025-05,5,0.15,Sentinel2,0.1816,-0.0316,26.1,164.6,0.2068
Mandya,2025-06,6,0.2068,Sentinel2,0.15,0.0568,24.4,101.1,0.1442
Mandya,2025-07,7,0.1442,MODIS,0.2068,-0.0626,23.6,140.8,0.2729
Mandya,2025-08,8,0.2729,MODIS,0.1442,0.1287,23.3,163.7,0.4011
Mandya,2025-09,9,0.4011,MODIS,0.2729,0.1282,23.7,63,0.0909
Mandya,2025-10,10,0.0909,Sentinel2,0.4011,-0.3102,23.4,110.5,0.1696
Mandya,2025-11,11,0.1696,Sentinel2,0.0909,0.0787,22.6,25.3,0.1593
Tumkur,2010-01,1,0.2903,MODIS,,,21.7,3.5,0.2782
Tumkur,2010-02,2,0.2782,MODIS,0.2903,-0.0121,24.8,0.6,0.2916
Tumkur,2010-03,3,0.2916,MODIS,0.2782,0.0134,27.5,0.4,0.3324
Tumkur,2010-04,4,0.3324,MODIS,0.2916,0.0408,28,52.2,0.351
Tumkur,2010-05,5,0.351,MODIS,0.3324,0.0186,26.9,97.3,0.2922
Tumkur,2010-06,6,0.2922,MODIS,0.351,-0.0588,24.3,118.6,0.3037
Tumkur,2010-07,7,0.3037,MODIS,0.2922,0.0115,22.6,278.6,0.2773
Tumkur,2010-08,8,0.2773,MODIS,0.3037,-0.0264,22.6,192.5,0.4041
Tumkur,2010-09,9,0.4041,MODIS,0.2773,0.1268,22.7,144.7,0.3613
Tumkur,2010-10,10,0.3613,MODIS,0.4041,-0.0428,22.6,118.6,0.3374
Tumkur,2010-11,11,0.3374,MODIS,0.3613,-0.0239,21.4,167.9,0.2677
Tumkur,2010-12,12,0.2677,MODIS,0.3374,-0.0697,19.9,17.5,0.3035
Tumkur,2011-01,1,0.3035,MODIS,0.2677,0.0358,20.9,0.4,0.2747
Tumkur,2011-02,2,0.2747,MODIS,0.3035,-0.0288,22.3,6.3,0.2756
Tumkur,2011-03,3,0.2756,MODIS,0.2747,0.0009,25.9,0.6,0.3094
Tumkur,2011-04,4,0.3094,MODIS,0.2756,0.0338,26.3,94.4,0.3518
Tumkur,2011-05,5,0.3518,MODIS,0.3094,0.0424,25.7,118.9,0.2799
Tumkur,2011-06,6,0.2799,MODIS,0.3518,-0.0719,23.6,86.1,0.1772
Tumkur,2011-07,7,0.1772,MODIS,0.2799,-0.1027,22.7,164.6,0.2782
Tumkur,2011-08,8,0.2782,MODIS,0.1772,0.101,22.2,215.3,0.3725
Tumkur,2011-09,9,0.3725,MODIS,0.2782,0.0943,22.4,94.1,0.4514
Tumkur,2011-10,10,0.4514,MODIS,0.3725,0.0789,22.7,172.3,0.3844
Tumkur,2011-11,11,0.3844,MODIS,0.4514,-0.067,21.1,89,0.3135
Tumkur,2011-12,12,0.3135,MODIS,0.3844,-0.0709,20.6,9.2,0.2916
Tumkur,2012-01,1,0.2916,MODIS,0.3135,-0.0219,21.1,0.5,0.263
Tumkur,2012-02,2,0.263,MODIS,0.2916,-0.0286,23.7,0.1,0.2689
Tumkur,2012-03,3,0.2689,MODIS,0.263,0.0059,26.7,1.7,0.3046
Tumkur,2012-04,4,0.3046,MODIS,0.2689,0.0357,27.3,65.9,0.3263
Tumkur,2012-05,5,0.3263,MODIS,0.3046,0.0217,26.1,61.7,0.268
Tumkur,2012-06,6,0.268,MODIS,0.3263,-0.0583,24.3,87.8,0.1885
Tumkur,2012-07,7,0.1885,MODIS,0.268,-0.0795,23.1,110.8,0.2959
Tumkur,2012-08,8,0.2959,MODIS,0.1885,0.1074,22.4,213.2,0.3413
Tumkur,2012-09,9,0.3413,MODIS,0.2959,0.0454,22.6,115.4,0.3534
Tumkur,2012-10,10,0.3534,MODIS,0.3413,0.0121,22.4,146.8,0.3356
Tumkur,2012-11,11,0.3356,MODIS,0.3534,-0.0178,21.4,34.9,0.3033
Tumkur,2012-12,12,0.3033,MODIS,0.3356,-0.0323,21.2,28.7,0.2586
Tumkur,2013-01,1,0.2586,MODIS,0.3033,-0.0447,22.3,0,0.2478
Tumkur,2013-02,2,0.2478,MODIS,0.2586,-0.0108,23.6,15,0.2702
Tumkur,2013-03,3,0.2702,MODIS,0.2478,0.0224,26.8,11.2,0.2817
Tumkur,2013-04,4,0.2817,MODIS,0.2702,0.0115,28.1,15,0.2441
Tumkur,2013-05,5,0.2441,MODIS,0.2817,-0.0376,26.8,127.2,0.2002
Tumkur,2013-06,6,0.2002,MODIS,0.2441,-0.0439,22.8,141.3,0.2592
Tumkur,2013-07,7,0.2592,MODIS,0.2002,0.059,22,157,0.3598
Tumkur,2013-08,8,0.3598,MODIS,0.2592,0.1006,22.3,118.8,0.3371
Tumkur,2013-09,9,0.3371,MODIS,0.3598,-0.0227,22.2,256.4,0.331
Tumkur,2013-10,10,0.331,MODIS,0.3371,-0.0061,22.2,97.3,0.3593
Tumkur,2013-11,11,0.3593,MODIS,0.331,0.0283,21.6,17.7,0.3255
Tumkur,2013-12,12,0.3255,MODIS,0.3593,-0.0338,20.4,4,0.2823
Tumkur,2014-01,1,0.2823,MODIS,0.3255,-0.0432,21.4,0.1,0.2594
Tumkur,2014-02,2,0.2594,MODIS,0.2823,-0.0229,23.4,2.3,0.3096
Tumkur,2014-03,3,0.3096,MODIS,0.2594,0.0502,26,17.9,0.3307
Tumkur,2014-04,4,0.3307,MODIS,0.3096,0.0211,28.1,18.9,0.3253
Tumkur,2014-05,5,0.3253,MODIS,0.3307,-0.0054,26.6,113.4,0.3064
Tumkur,2014-06,6,0.3064,MODIS,0.3253,-0.0189,25.1,85,0.1792
Tumkur,2014-07,7,0.1792,MODIS,0.3064,-0.1272,22.9,149.2,0.3052
Tumkur,2014-08,8,0.3052,MODIS,0.1792,0.126,22.6,171.7,0.3392
Tumkur,2014-09,9,0.3392,MODIS,0.3052,0.034,22.8,150.1,0.3981
Tumkur,2014-10,10,0.3981,MODIS,0.3392,0.0589,22.6,134.9,0.3482
Tumkur,2014-11,11,0.3482,MODIS,0.3981,-0.0499,21.5,49.7,0.3244
Tumkur,2014-12,12,0.3244,MODIS,0.3482,-0.0238,21.2,24.9,0.2926
Tumkur,2015-01,1,0.2926,MODIS,0.3244,-0.0318,21.3,2.8,0.2567
Tumkur,2015-02,2,0.2567,MODIS,0.2926,-0.0359,22.9,0.3,0.2813
Tumkur,2015-03,3,0.2813,MODIS,0.2567,0.0246,26,14.3,0.2964
Tumkur,2015-04,4,0.2964,MODIS,0.2813,0.0151,26.1,80.6,0.3187
Tumkur,2015-05,5,0.3187,MODIS,0.2964,0.0223,25.9,156.8,0.3165
Tumkur,2015-06,6,0.3165,MODIS,0.3187,-0.0022,23.8,132.7,0.1986
Tumkur,2015-07,7,0.1986,MODIS,0.3165,-0.1179,23.4,87.3,0.3647
Tumkur,2015-08,8,0.3647,MODIS,0.1986,0.1661,23.2,116.8,0.3868
Tumkur,2015-09,9,0.3868,MODIS,0.3647,0.0221,23.2,154.7,0.3589
Tumkur,2015-10,10,0.3589,MODIS,0.3868,-0.0279,23.3,99.1,0.3473
Tumkur,2015-11,11,0.3473,MODIS,0.3589,-0.0116,21.1,336.3,0.1858
Tumkur,2015-12,12,0.1858,Sentinel2,0.3473,-0.1615,21.1,8.5,0.1686
Tumkur,2016-01,1,0.1686,Sentinel2,0.1858,-0.0172,21.3,5.4,0.1303
Tumkur,2016-02,2,0.1303,Sentinel2,0.1686,-0.0383,24.6,0,0.1454
Tumkur,2016-03,3,0.1454,Sentinel2,0.1303,0.0151,27.6,0.6,0.1426
Tumkur,2016-04,4,0.1426,Sentinel2,0.1454,-0.0028,29.8,3.5,0.1678
Tumkur,2016-05,5,0.1678,Sentinel2,0.1426,0.0252,27,88,0.193
Tumkur,2016-06,6,0.193,MODIS,0.1678,0.0252,23.3,267.7,0.3156
Tumkur,2016-07,7,0.3156,MODIS,0.193,0.1226,22.6,243.7,0.2261
Tumkur,2016-08,8,0.2261,MODIS,0.3156,-0.0895,22.9,53,0.2944
Tumkur,2016-09,9,0.2944,MODIS,0.2261,0.0683,22.6,47,0.1782
Tumkur,2016-10,10,0.1782,Sentinel2,0.2944,-0.1162,23.4,17.1,0.1814
Tumkur,2016-11,11,0.1814,Sentinel2,0.1782,0.0032,23.3,6.1,0.1659
Tumkur,2016-12,12,0.1659,Sentinel2,0.1814,-0.0155,21.4,46.4,0.1397
Tumkur,2017-01,1,0.1397,Sentinel2,0.1659,-0.0262,21.8,18.6,0.1408
Tumkur,2017-02,2,0.1408,Sentinel2,0.1397,0.0011,23.4,0,0.1441
Tumkur,2017-03,3,0.1441,Sentinel2,0.1408,0.0033,27,8.6,0.1531
Tumkur,2017-04,4,0.1531,Sentinel2,0.1441,0.009,28.9,12.7,0.3351
Tumkur,2017-05,5,0.3351,MODIS,0.1531,0.182,27,83.5,0.2754
Tumkur,2017-06,6,0.2754,MODIS,0.3351,-0.0597,23.9,122.3,0.307
Tumkur,2017-07,7,0.307,MODIS,0.2754,0.0316,23.7,65.2,0.2914
Tumkur,2017-08,8,0.2914,MODIS,0.307,-0.0156,23.2,171.4,0.3125
Tumkur,2017-09,9,0.3125,MODIS,0.2914,0.0211,23.1,237.8,0.3496
Tumkur,2017-10,10,0.3496,MODIS,0.3125,0.0371,22.6,145.2,0.3513
Tumkur,2017-11,11,0.3513,MODIS,0.3496,0.0017,22.1,22.9,0.1529
Tumkur,2017-12,12,0.1529,Sentinel2,0.3513,-0.1984,21.2,8.1,0.1274
Tumkur,2018-01,1,0.1274,Sentinel2,0.1529,-0.0255,21.6,0.2,0.1409
Tumkur,2018-02,2,0.1409,Sentinel2,0.1274,0.0135,22.8,13.4,0.1549
Tumkur,2018-03,3,0.1549,Sentinel2,0.1409,0.014,25.6,43.8,0.2843
Tumkur,2018-04,4,0.2843,MODIS,0.1549,0.1294,27.5,23.9,0.3752
Tumkur,2018-05,5,0.3752,MODIS,0.2843,0.0909,26,227.9,0.3277
Tumkur,2018-06,6,0.3277,MODIS,0.3752,-0.0475,23.3,207.3,0.2288
Tumkur,2018-07,7,0.2288,MODIS,0.3277,-0.0989,22.7,111.3,0.3136
Tumkur,2018-08,8,0.3136,MODIS,0.2288,0.0848,22.2,106.3,0.3552
Tumkur,2018-09,9,0.3552,MODIS,0.3136,0.0416,23.1,90.9,0.1897
Tumkur,2018-10,10,0.1897,Sentinel2,0.3552,-0.1655,22.9,112,0.1692
Tumkur,2018-11,11,0.1692,Sentinel2,0.1897,-0.0205,22.3,43.9,0.1889
Tumkur,2018-12,12,0.1889,Sentinel2,0.1692,0.0197,22.3,6,0.1624
Tumkur,2019-01,1,0.1624,Sentinel2,0.1889,-0.0265,21,7.2,0.1559
Tumkur,2019-02,2,0.1559,Sentinel2,0.1624,-0.0065,24.4,8.1,0.149
Tumkur,2019-03,3,0.149,Sentinel2,0.1559,-0.0069,27.6,0.4,0.1763
Tumkur,2019-04,4,0.1763,Sentinel2,0.149,0.0273,28.8,21.2,0.2021
Tumkur,2019-05,5,0.2021,Sentinel2,0.1763,0.0258,27.7,72.4,0.2845
Tumkur,2019-06,6,0.2845,MODIS,0.2021,0.0824,24.9,159,0.2229
Tumkur,2019-07,7,0.2229,MODIS,0.2845,-0.0616,23.3,206.8,0.1711
Tumkur,2019-08,8,0.1711,MODIS,0.2229,-0.0518,22.8,154.3,0.3655
Tumkur,2019-09,9,0.3655,MODIS,0.1711,0.1944,22.9,169.1,0.1815
Tumkur,2019-10,10,0.1815,MODIS,0.3655,-0.184,22.3,327.7,0.2546
Tumkur,2019-11,11,0.2546,Sentinel2,0.1815,0.0731,22.2,32.7,0.2216
Tumkur,2019-12,12,0.2216,Sentinel2,0.2546,-0.033,21.2,29.1,0.1774
Tumkur,2020-01,1,0.1774,Sentinel2,0.2216,-0.0442,22.6,2.9,0.145
Tumkur,2020-02,2,0.145,Sentinel2,0.1774,-0.0324,23.6,0.3,0.1623
Tumkur,2020-03,3,0.1623,Sentinel2,0.145,0.0173,26.4,4,0.2176
Tumkur,2020-04,4,0.2176,Sentinel2,0.1623,0.0553,27.4,37.3,0.255
Tumkur,2020-05,5,0.255,Sentinel2,0.2176,0.0374,27.8,39.8,0.2978
Tumkur,2020-06,6,0.2978,MODIS,0.255,0.0428,24.3,176.8,0.284
Tumkur,2020-07,7,0.284,MODIS,0.2978,-0.0138,22.7,300.2,0.338
Tumkur,2020-08,8,0.338,MODIS,0.284,0.054,22.6,151.6,0.2938
Tumkur,2020-09,9,0.2938,MODIS,0.338,-0.0442,22.4,240.3,0.2412
Tumkur,2020-10,10,0.2412,Sentinel2,0.2938,-0.0526,22.2,111.8,0.2862
Tumkur,2020-11,11,0.2862,Sentinel2,0.2412,0.045,21.4,45.3,0.2085
Tumkur,2020-12,12,0.2085,Sentinel2,0.2862,-0.0777,20.1,40.1,0.1825
Tumkur,2021-01,1,0.1825,Sentinel2,0.2085,-0.026,21,39.7,0.1714
Tumkur,2021-02,2,0.1714,Sentinel2,0.1825,-0.0111,21.9,11.5,0.1931
Tumkur,2021-03,3,0.1931,Sentinel2,0.1714,0.0217,25.7,0,0.1854
Tumkur,2021-04,4,0.1854,Sentinel2,0.1931,-0.0077,26.7,48.9,0.1927
Tumkur,2021-05,5,0.1927,Sentinel2,0.1854,0.0073,25.3,113.3,0.2693
Tumkur,2021-06,6,0.2693,Sentinel2,0.1927,0.0766,23.7,97.5,0.256
Tumkur,2021-07,7,0.256,MODIS,0.2693,-0.0133,22.6,266.4,0.3198
Tumkur,2021-08,8,0.3198,MODIS,0.256,0.0638,22.5,177.2,0.2749
Tumkur,2021-09,9,0.2749,Sentinel2,0.3198,-0.0449,22.7,91.8,0.3657
Tumkur,2021-10,10,0.3657,MODIS,0.2749,0.0908,22.6,245.4,0.3137
Tumkur,2021-11,11,0.3137,MODIS,0.3657,-0.052,21,304.1,0.216
Tumkur,2021-12,12,0.216,Sentinel2,0.3137,-0.0977,20.3,17.2,0.2201
Tumkur,2022-01,1,0.2201,Sentinel2,0.216,0.0041,21.2,2.8,0.1308
Tumkur,2022-02,2,0.1308,Sentinel2,0.2201,-0.0893,22.9,0.1,0.1397
Tumkur,2022-03,3,0.1397,Sentinel2,0.1308,0.0089,25.8,2.7,0.1646
Tumkur,2022-04,4,0.1646,Sentinel2,0.1397,0.0249,27.4,23.2,0.1676
Tumkur,2022-05,5,0.1676,Sentinel2,0.1646,0.003,25,139.2,0.1969
Tumkur,2022-06,6,0.1969,Sentinel2,0.1676,0.0293,23.9,123.4,0.2723
Tumkur,2022-07,7,0.2723,MODIS,0.1969,0.0754,22.4,229.7,0.1932
Tumkur,2022-08,8,0.1932,Sentinel2,0.2723,-0.0791,22.5,206.9,0.2361
Tumkur,2022-09,9,0.2361,MODIS,0.1932,0.0429,22.5,104.7,0.1857
Tumkur,2022-10,10,0.1857,Sentinel2,0.2361,-0.0504,21.7,143.7,0.1683
Tumkur,2022-11,11,0.1683,Sentinel2,0.1857,-0.0174,20.7,51.6,0.1547
Tumkur,2022-12,12,0.1547,Sentinel2,0.1683,-0.0136,20.4,80.5,0.147
Tumkur,2023-01,1,0.147,Sentinel2,0.1547,-0.0077,20.3,0.3,0.1407
Tumkur,2023-02,2,0.1407,Sentinel2,0.147,-0.0063,23,0,0.1437
Tumkur,2023-03,3,0.1437,Sentinel2,0.1407,0.003,25.1,5.6,0.1611
Tumkur,2023-04,4,0.1611,Sentinel2,0.1437,0.0174,27.5,41.8,0.1901
Tumkur,2023-05,5,0.1901,Sentinel2,0.1611,0.029,25.9,111.9,0.2886
Tumkur,2023-06,6,0.2886,MODIS,0.1901,0.0985,25.1,91.1,0.3312
Tumkur,2023-07,7,0.3312,MODIS,0.2886,0.0426,22.6,251.5,0.0958
Tumkur,2023-08,8,0.0958,Sentinel2,0.3312,-0.2354,23.9,28.1,0.3773
Tumkur,2023-09,9,0.3773,MODIS,0.0958,0.2815,23.6,90.4,0.1787
Tumkur,2023-10,10,0.1787,Sentinel2,0.3773,-0.1986,24.4,31.7,0.177
Tumkur,2023-11,11,0.177,Sentinel2,0.1787,-0.0017,22.5,128.7,0.1521
Tumkur,2023-12,12,0.1521,Sentinel2,0.177,-0.0249,22,11.7,0.1375
Tumkur,2024-01,1,0.1375,Sentinel2,0.1521,-0.0146,22.8,9.1,0.1357
Tumkur,2024-02,2,0.1357,Sentinel2,0.1375,-0.0018,25,0.9,0.1391
Tumkur,2024-03,3,0.1391,Sentinel2,0.1357,0.0034,27.9,0.1,0.1491
Tumkur,2024-04,4,0.1491,Sentinel2,0.1391,0.01,30,3.1,0.1458
Tumkur,2024-05,5,0.1458,Sentinel2,0.1491,-0.0033,27,194.8,0.179
Tumkur,2024-06,6,0.179,Sentinel2,0.1458,0.0332,23.9,188.7,0.2907
Tumkur,2024-07,7,0.2907,MODIS,0.179,0.1117,23,214.2,0.281
Tumkur,2024-08,8,0.281,MODIS,0.2907,-0.0097,23.2,229.9,0.169
Tumkur,2024-09,9,0.169,Sentinel2,0.281,-0.112,23.1,52.3,0.3745
Tumkur,2024-10,10,0.3745,MODIS,0.169,0.2055,22.6,332.8,0.1678
Tumkur,2024-11,11,0.1678,Sentinel2,0.3745,-0.2067,21.4,39.6,0.1623
Tumkur,2024-12,12,0.1623,Sentinel2,0.1678,-0.0055,21.1,57.7,0.1452
Tumkur,2025-01,1,0.1452,Sentinel2,0.1623,-0.0171,20.5,7.1,0.1359
Tumkur,2025-02,2,0.1359,Sentinel2,0.1452,-0.0093,23.7,0,0.1507
Tumkur,2025-03,3,0.1507,Sentinel2,0.1359,0.0148,26.3,14.4,0.1623
Tumkur,2025-04,4,0.1623,Sentinel2,0.1507,0.0116,26.5,58.2,0.1659
Tumkur,2025-05,5,0.1659,Sentinel2,0.1623,0.0036,25,244.9,0.1887
Tumkur,2025-06,6,0.1887,Sentinel2,0.1659,0.0228,23.4,112.1,0.1494
Tumkur,2025-07,7,0.1494,MODIS,0.1887,-0.0393,22.6,149.5,0.276
Tumkur,2025-08,8,0.276,MODIS,0.1494,0.1266,22.1,235.6,0.3162
Tumkur,2025-09,9,0.3162,MODIS,0.276,0.0402,22.5,51.7,0.159
Tumkur,2025-10,10,0.159,Sentinel2,0.3162,-0.1572,22.3,179.8,0.1752
Tumkur,2025-11,11,0.1752,Sentinel2,0.159,0.0162,21,27.1,0.1474
Hassan,2010-01,1,0.3228,MODIS,,,20.3,9,0.2914
Hassan,2010-02,2,0.2914,MODIS,0.3228,-0.0314,23.1,1.7,0.2719
Hassan,2010-03,3,0.2719,MODIS,0.2914,-0.0195,25.7,3.1,0.3557
Hassan,2010-04,4,0.3557,MODIS,0.2719,0.0838,25.9,86.6,0.3992
Hassan,2010-05,5,0.3992,MODIS,0.3557,0.0435,25,61.8,0.3506
Hassan,2010-06,6,0.3506,MODIS,0.3992,-0.0486,22.6,186.6,0.2873
Hassan,2010-07,7,0.2873,MODIS,0.3506,-0.0633,21.1,348.9,0.3262
Hassan,2010-08,8,0.3262,MODIS,0.2873,0.0389,21.4,173.5,0.4289
Hassan,2010-09,9,0.4289,MODIS,0.3262,0.1027,21.6,113.5,0.411
Hassan,2010-10,10,0.411,MODIS,0.4289,-0.0179,21.4,117.3,0.3368
Hassan,2010-11,11,0.3368,MODIS,0.411,-0.0742,20.5,181.2,0.389
Hassan,2010-12,12,0.389,MODIS,0.3368,0.0522,19.3,10.2,0.3121
Hassan,2011-01,1,0.3121,MODIS,0.389,-0.0769,20.1,0.9,0.2903
Hassan,2011-02,2,0.2903,MODIS,0.3121,-0.0218,20.9,19.5,0.2941
Hassan,2011-03,3,0.2941,MODIS,0.2903,0.0038,24.3,0.7,0.3457
Hassan,2011-04,4,0.3457,MODIS,0.2941,0.0516,24.6,65.8,0.3849
Hassan,2011-05,5,0.3849,MODIS,0.3457,0.0392,24.2,91.4,0.3741
Hassan,2011-06,6,0.3741,MODIS,0.3849,-0.0108,21.6,161.5,0.3106
Hassan,2011-07,7,0.3106,MODIS,0.3741,-0.0635,21,234.6,0.22
Hassan,2011-08,8,0.22,MODIS,0.3106,-0.0906,20.9,366.4,0.4176
Hassan,2011-09,9,0.4176,MODIS,0.22,0.1976,21.3,112.3,0.4828
Hassan,2011-10,10,0.4828,MODIS,0.4176,0.0652,21.6,195.8,0.4225
Hassan,2011-11,11,0.4225,MODIS,0.4828,-0.0603,20,113.9,0.3889
Hassan,2011-12,12,0.3889,MODIS,0.4225,-0.0336,19.3,2.9,0.307
Hassan,2012-01,1,0.307,MODIS,0.3889,-0.0819,20.1,0.2,0.2723
Hassan,2012-02,2,0.2723,MODIS,0.307,-0.0347,22.7,0.2,0.2803
Hassan,2012-03,3,0.2803,MODIS,0.2723,0.008,25.1,0.6,0.3376
Hassan,2012-04,4,0.3376,MODIS,0.2803,0.0573,24.9,115.6,0.3869
Hassan,2012-05,5,0.3869,MODIS,0.3376,0.0493,23.9,52.3,0.2785
Hassan,2012-06,6,0.2785,MODIS,0.3869,-0.1084,22.1,130.9,0.2013
Hassan,2012-07,7,0.2013,MODIS,0.2785,-0.0772,21.3,106.7,0.3164
Hassan,2012-08,8,0.3164,MODIS,0.2013,0.1151,20.8,269.6,0.4098
Hassan,2012-09,9,0.4098,MODIS,0.3164,0.0934,21.4,81.1,0.391
Hassan,2012-10,10,0.391,MODIS,0.4098,-0.0188,21.5,100.6,0.3595
Hassan,2012-11,11,0.3595,MODIS,0.391,-0.0315,20.7,44.3,0.3114
Hassan,2012-12,12,0.3114,MODIS,0.3595,-0.0481,21,14,0.2628
Hassan,2013-01,1,0.2628,MODIS,0.3114,-0.0486,21.5,0,0.2953
Hassan,2013-02,2,0.2953,MODIS,0.2628,0.0325,22.9,10.7,0.3355
Hassan,2013-03,3,0.3355,MODIS,0.2953,0.0402,25,12.1,0.3058
Hassan,2013-04,4,0.3058,MODIS,0.3355,-0.0297,25.6,24.1,0.3123
Hassan,2013-05,5,0.3123,MODIS,0.3058,0.0065,24.6,115.1,0.2729
Hassan,2013-06,6,0.2729,MODIS,0.3123,-0.0394,21,280.8,0.2692
Hassan,2013-07,7,0.2692,MODIS,0.2729,-0.0037,20.5,214.3,0.391
Hassan,2013-08,8,0.391,MODIS,0.2692,0.1218,21,125.5,0.3858
Hassan,2013-09,9,0.3858,MODIS,0.391,-0.0052,21.1,208.6,0.3076
Hassan,2013-10,10,0.3076,MODIS,0.3858,-0.0782,21.2,115.1,0.4057
Hassan,2013-11,11,0.4057,MODIS,0.3076,0.0981,20.9,14.8,0.3459
Hassan,2013-12,12,0.3459,MODIS,0.4057,-0.0598,19.7,7.1,0.29
Hassan,2014-01,1,0.29,MODIS,0.3459,-0.0559,20.6,1.1,0.2736
Hassan,2014-02,2,0.2736,MODIS,0.29,-0.0164,22,5.8,0.2883
Hassan,2014-03,3,0.2883,MODIS,0.2736,0.0147,24.6,6.7,0.3177
Hassan,2014-04,4,0.3177,MODIS,0.2883,0.0294,25.5,42,0.391
Hassan,2014-05,5,0.391,MODIS,0.3177,0.0733,24,220.7,0.3336
Hassan,2014-06,6,0.3336,MODIS,0.391,-0.0574,22.9,57.5,0.3557
Hassan,2014-07,7,0.3557,MODIS,0.3336,0.0221,21,257.4,0.3748
Hassan,2014-08,8,0.3748,MODIS,0.3557,0.0191,21,177.4,0.4235
Hassan,2014-09,9,0.4235,MODIS,0.3748,0.0487,21.4,142,0.4694
Hassan,2014-10,10,0.4694,MODIS,0.4235,0.0459,21.5,140.5,0.4039
Hassan,2014-11,11,0.4039,MODIS,0.4694,-0.0655,20.5,28.5,0.3648
Hassan,2014-12,12,0.3648,MODIS,0.4039,-0.0391,20.7,13.5,0.3127
Hassan,2015-01,1,0.3127,MODIS,0.3648,-0.0521,20.6,0.8,0.2858
Hassan,2015-02,2,0.2858,MODIS,0.3127,-0.0269,21.9,0.3,0.3292
Hassan,2015-03,3,0.3292,MODIS,0.2858,0.0434,24.3,25.3,0.3709
Hassan,2015-04,4,0.3709,MODIS,0.3292,0.0417,24.4,78.7,0.3784
Hassan,2015-05,5,0.3784,MODIS,0.3709,0.0075,23.8,156.5,0.4024
Hassan,2015-06,6,0.4024,MODIS,0.3784,0.024,22,173,0.3147
Hassan,2015-07,7,0.3147,MODIS,0.4024,-0.0877,21.6,124.6,0.4208
Hassan,2015-08,8,0.4208,MODIS,0.3147,0.1061,21.7,125.6,0.4061
Hassan,2015-09,9,0.4061,MODIS,0.4208,-0.0147,21.9,123.2,0.4129
Hassan,2015-10,10,0.4129,MODIS,0.4061,0.0068,22.2,73.3,0.402
Hassan,2015-11,11,0.402,MODIS,0.4129,-0.0109,20.4,192.3,0.2073
Hassan,2015-12,12,0.2073,Sentinel2,0.402,-0.1947,20.5,3.5,0.1805
Hassan,2016-01,1,0.1805,Sentinel2,0.2073,-0.0268,20.5,4.8,0.1415
Hassan,2016-02,2,0.1415,Sentinel2,0.1805,-0.039,23.4,0.3,0.1319
Hassan,2016-03,3,0.1319,Sentinel2,0.1415,-0.0096,25.9,0.3,0.3081
Hassan,2016-04,4,0.3081,MODIS,0.1319,0.1762,26.9,6,0.153
Hassan,2016-05,5,0.153,Sentinel2,0.3081,-0.1551,25,86.7,0.2208
Hassan,2016-06,6,0.2208,MODIS,0.153,0.0678,21.9,290.1,0.3315
Hassan,2016-07,7,0.3315,MODIS,0.2208,0.1107,21.2,209.5,0.3183
Hassan,2016-08,8,0.3183,MODIS,0.3315,-0.0132,21.4,80.6,0.3371
Hassan,2016-09,9,0.3371,MODIS,0.3183,0.0188,21.2,56.9,0.3334
Hassan,2016-10,10,0.3334,MODIS,0.3371,-0.0037,21.8,31.6,0.285
Hassan,2016-11,11,0.285,MODIS,0.3334,-0.0484,22.3,9.6,0.1605
Hassan,2016-12,12,0.1605,Sentinel2,0.285,-0.1245,20.7,33,0.1402
Hassan,2017-01,1,0.1402,Sentinel2,0.1605,-0.0203,21,14.2,0.1412
Hassan,2017-02,2,0.1412,Sentinel2,0.1402,0.001,22.5,0.1,0.2633
Hassan,2017-03,3,0.2633,MODIS,0.1412,0.1221,25.1,8.2,0.1293
Hassan,2017-04,4,0.1293,Sentinel2,0.2633,-0.134,26,20.1,0.3897
Hassan,2017-05,5,0.3897,MODIS,0.1293,0.2604,24.7,95.2,0.3599
Hassan,2017-06,6,0.3599,MODIS,0.3897,-0.0298,22.1,124.9,0.296
Hassan,2017-07,7,0.296,MODIS,0.3599,-0.0639,21.7,103.7,0.3111
Hassan,2017-08,8,0.3111,MODIS,0.296,0.0151,21.5,227.6,0.3569
Hassan,2017-09,9,0.3569,MODIS,0.3111,0.0458,21.8,259.1,0.2147
Hassan,2017-10,10,0.2147,Sentinel2,0.3569,-0.1422,21.6,87.4,0.3745
Hassan,2017-11,11,0.3745,MODIS,0.2147,0.1598,21.3,24.9,0.1797
Hassan,2017-12,12,0.1797,Sentinel2,0.3745,-0.1948,20.2,14.3,0.1444
Hassan,2018-01,1,0.1444,Sentinel2,0.1797,-0.0353,20.4,0.6,0.1471
Hassan,2018-02,2,0.1471,Sentinel2,0.1444,0.0027,21.7,13.9,0.1546
Hassan,2018-03,3,0.1546,Sentinel2,0.1471,0.0075,24.2,23.3,0.1653
Hassan,2018-04,4,0.1653,Sentinel2,0.1546,0.0107,25.6,37.2,0.3808
Hassan,2018-05,5,0.3808,MODIS,0.1653,0.2155,24.4,210.6,0.297
Hassan,2018-06,6,0.297,MODIS,0.3808,-0.0838,21.7,183.2,0.2133
Hassan,2018-07,7,0.2133,MODIS,0.297,-0.0837,21.2,134.3,0.3343
Hassan,2018-08,8,0.3343,MODIS,0.2133,0.121,20.9,162,0.4155
Hassan,2018-09,9,0.4155,MODIS,0.3343,0.0812,21.8,84.4,0.2265
Hassan,2018-10,10,0.2265,Sentinel2,0.4155,-0.189,21.7,111.1,0.195
Hassan,2018-11,11,0.195,Sentinel2,0.2265,-0.0315,21.4,50.6,0.2504
Hassan,2018-12,12,0.2504,Sentinel2,0.195,0.0554,21.1,11.3,0.1969
Hassan,2019-01,1,0.1969,Sentinel2,0.2504,-0.0535,19.9,1.7,0.1817
Hassan,2019-02,2,0.1817,Sentinel2,0.1969,-0.0152,23.1,5.2,0.1592
Hassan,2019-03,3,0.1592,Sentinel2,0.1817,-0.0225,25.3,1.6,0.1984
Hassan,2019-04,4,0.1984,Sentinel2,0.1592,0.0392,26.4,23.1,0.2374
Hassan,2019-05,5,0.2374,Sentinel2,0.1984,0.039,25.5,64.9,0.335
Hassan,2019-06,6,0.335,MODIS,0.2374,0.0976,23.1,112.3,0.2396
Hassan,2019-07,7,0.2396,MODIS,0.335,-0.0954,21.6,157.6,0.3188
Hassan,2019-08,8,0.3188,MODIS,0.2396,0.0792,21.2,187.1,0.3974
Hassan,2019-09,9,0.3974,MODIS,0.3188,0.0786,21.7,118.5,0.3381
Hassan,2019-10,10,0.3381,MODIS,0.3974,-0.0593,21.2,339.7,0.3419
Hassan,2019-11,11,0.3419,Sentinel2,0.3381,0.0038,21.2,55.6,0.2315
Hassan,2019-12,12,0.2315,Sentinel2,0.3419,-0.1104,20.4,36.8,0.1849
Hassan,2020-01,1,0.1849,Sentinel2,0.2315,-0.0466,21.4,2.1,0.1429
Hassan,2020-02,2,0.1429,Sentinel2,0.1849,-0.042,22.4,0.3,0.2022
Hassan,2020-03,3,0.2022,Sentinel2,0.1429,0.0593,24.8,6.7,0.2289
Hassan,2020-04,4,0.2289,Sentinel2,0.2022,0.0267,25.9,28,0.307
Hassan,2020-05,5,0.307,Sentinel2,0.2289,0.0781,25.8,45.2,0.2661
Hassan,2020-06,6,0.2661,MODIS,0.307,-0.0409,22.4,133.6,0.2277
Hassan,2020-07,7,0.2277,MODIS,0.2661,-0.0384,21.4,297,0.3917
Hassan,2020-08,8,0.3917,MODIS,0.2277,0.164,21.4,201,0.3857
Hassan,2020-09,9,0.3857,MODIS,0.3917,-0.006,21.4,192.7,0.2571
Hassan,2020-10,10,0.2571,Sentinel2,0.3857,-0.1286,21.2,82.2,0.3208
Hassan,2020-11,11,0.3208,Sentinel2,0.2571,0.0637,20.9,33.3,0.2219
Hassan,2020-12,12,0.2219,Sentinel2,0.3208,-0.0989,20.2,30,0.2011
Hassan,2021-01,1,0.2011,Sentinel2,0.2219,-0.0208,20.6,48.9,0.1671
Hassan,2021-02,2,0.1671,Sentinel2,0.2011,-0.034,21,16,0.1946
Hassan,2021-03,3,0.1946,Sentinel2,0.1671,0.0275,24.6,0.3,0.1615
Hassan,2021-04,4,0.1615,Sentinel2,0.1946,-0.0331,25,68.6,0.2627
Hassan,2021-05,5,0.2627,Sentinel2,0.1615,0.1012,23.3,127.5,0.3415
Hassan,2021-06,6,0.3415,Sentinel2,0.2627,0.0788,21.8,141.5,0.327
Hassan,2021-07,7,0.327,MODIS,0.3415,-0.0145,21.2,408.1,0.2364
Hassan,2021-08,8,0.2364,MODIS,0.327,-0.0906,21.3,151.2,0.3478
Hassan,2021-09,9,0.3478,MODIS,0.2364,0.1114,21.5,113.3,0.3396
Hassan,2021-10,10,0.3396,Sentinel2,0.3478,-0.0082,21.6,291.8,0.2548
Hassan,2021-11,11,0.2548,MODIS,0.3396,-0.0848,20.4,206.7,0.1937
Hassan,2021-12,12,0.1937,Sentinel2,0.2548,-0.0611,19.8,9.9,0.2346
Hassan,2022-01,1,0.2346,Sentinel2,0.1937,0.0409,20.8,3.3,0.1363
Hassan,2022-02,2,0.1363,Sentinel2,0.2346,-0.0983,22.2,0.4,0.129
Hassan,2022-03,3,0.129,Sentinel2,0.1363,-0.0073,24.6,6.9,0.1703
Hassan,2022-04,4,0.1703,Sentinel2,0.129,0.0413,26.1,29.2,0.1834
Hassan,2022-05,5,0.1834,Sentinel2,0.1703,0.0131,23.3,177.7,0.2309
Hassan,2022-06,6,0.2309,Sentinel2,0.1834,0.0475,22.2,152.2,0.2571
Hassan,2022-07,7,0.2571,MODIS,0.2309,0.0262,21.1,389.9,0.4136
Hassan,2022-08,8,0.4136,MODIS,0.2571,0.1565,21.2,267.8,0.2817
Hassan,2022-09,9,0.2817,MODIS,0.4136,-0.1319,21.5,114.7,0.1831
Hassan,2022-10,10,0.1831,Sentinel2,0.2817,-0.0986,20.9,175.3,0.1867
Hassan,2022-11,11,0.1867,Sentinel2,0.1831,0.0036,20.2,34.1,0.1743
Hassan,2022-12,12,0.1743,Sentinel2,0.1867,-0.0124,19.8,64.5,0.1553
Hassan,2023-01,1,0.1553,Sentinel2,0.1743,-0.019,19.8,3.4,0.1367
Hassan,2023-02,2,0.1367,Sentinel2,0.1553,-0.0186,21.9,0,0.134
Hassan,2023-03,3,0.134,Sentinel2,0.1367,-0.0027,24.1,1.3,0.143
Hassan,2023-04,4,0.143,Sentinel2,0.134,0.009,25.9,60.2,0.1755
Hassan,2023-05,5,0.1755,Sentinel2,0.143,0.0325,24.2,113.9,0.2542
Hassan,2023-06,6,0.2542,MODIS,0.1755,0.0787,23.1,93.9,0.2671
Hassan,2023-07,7,0.2671,MODIS,0.2542,0.0129,21.3,294.6,0.3201
Hassan,2023-08,8,0.3201,MODIS,0.2671,0.053,22.2,49.2,0.2989
Hassan,2023-09,9,0.2989,MODIS,0.3201,-0.0212,21.9,88,0.1376
Hassan,2023-10,10,0.1376,Sentinel2,0.2989,-0.1613,22.4,70.2,0.3618
Hassan,2023-11,11,0.3618,MODIS,0.1376,0.2242,21.8,98.1,0.1778
Hassan,2023-12,12,0.1778,Sentinel2,0.3618,-0.184,21.6,17.6,0.1606
Hassan,2024-01,1,0.1606,Sentinel2,0.1778,-0.0172,21.6,25,0.1403
Hassan,2024-02,2,0.1403,Sentinel2,0.1606,-0.0203,23.6,0.1,0.1136
Hassan,2024-03,3,0.1136,Sentinel2,0.1403,-0.0267,25.7,0.4,0.1439
Hassan,2024-04,4,0.1439,Sentinel2,0.1136,0.0303,27.5,6.9,0.1482
Hassan,2024-05,5,0.1482,Sentinel2,0.1439,0.0043,25,183.1,0.2473
Hassan,2024-06,6,0.2473,MODIS,0.1482,0.0991,22.3,164.2,0.2412
Hassan,2024-07,7,0.2412,MODIS,0.2473,-0.0061,21.5,338.3,0.3722
Hassan,2024-08,8,0.3722,MODIS,0.2412,0.131,22,188.5,0.323
Hassan,2024-09,9,0.323,MODIS,0.3722,-0.0492,21.8,79.8,0.1977
Hassan,2024-10,10,0.1977,Sentinel2,0.323,-0.1253,21.7,249.6,0.1918
Hassan,2024-11,11,0.1918,Sentinel2,0.1977,-0.0059,20.7,28.9,0.1699
Hassan,2024-12,12,0.1699,Sentinel2,0.1918,-0.0219,20.4,61,0.1558
Hassan,2025-01,1,0.1558,Sentinel2,0.1699,-0.0141,20.2,5.6,0.1364
Hassan,2025-02,2,0.1364,Sentinel2,0.1558,-0.0194,22.7,0,0.1425
Hassan,2025-03,3,0.1425,Sentinel2,0.1364,0.0061,25.1,9.2,0.18
Hassan,2025-04,4,0.18,Sentinel2,0.1425,0.0375,25,62.5,0.1945
Hassan,2025-05,5,0.1945,Sentinel2,0.18,0.0145,23.4,231.5,0.3228
Hassan,2025-06,6,0.3228,MODIS,0.1945,0.1283,21.8,171.8,0.2898
Hassan,2025-07,7,0.2898,MODIS,0.3228,-0.033,21,246.6,0.2792
Hassan,2025-08,8,0.2792,MODIS,0.2898,-0.0106,20.9,269.1,0.3504
Hassan,2025-09,9,0.3504,MODIS,0.2792,0.0712,21.3,57,0.1941
Hassan,2025-10,10,0.1941,Sentinel2,0.3504,-0.1563,21.4,198.2,0.2037
Hassan,2025-11,11,0.2037,Sentinel2,0.1941,0.0096,20.2,17.2,0.1641
Kolar,2010-01,1,0.275,MODIS,,,20.7,10.2,0.2334
Kolar,2010-02,2,0.2334,MODIS,0.275,-0.0416,23.4,0.5,0.2332
Kolar,2010-03,3,0.2332,MODIS,0.2334,-0.0002,26.8,1.5,0.2778
Kolar,2010-04,4,0.2778,MODIS,0.2332,0.0446,28.9,14.9,0.3234
Kolar,2010-05,5,0.3234,MODIS,0.2778,0.0456,28.2,64.2,0.3484
Kolar,2010-06,6,0.3484,MODIS,0.3234,0.025,25.2,96.2,0.3349
Kolar,2010-07,7,0.3349,MODIS,0.3484,-0.0135,23.3,193.6,0.3021
Kolar,2010-08,8,0.3021,MODIS,0.3349,-0.0328,23.4,171.8,0.3342
Kolar,2010-09,9,0.3342,MODIS,0.3021,0.0321,23.2,112.8,0.3233
Kolar,2010-10,10,0.3233,MODIS,0.3342,-0.0109,23.1,87.2,0.1962
Kolar,2010-11,11,0.1962,MODIS,0.3233,-0.1271,21.4,162.6,0.3341
Kolar,2010-12,12,0.3341,MODIS,0.1962,0.1379,19.5,31.1,0.2877
Kolar,2011-01,1,0.2877,MODIS,0.3341,-0.0464,20,1.4,0.2631
Kolar,2011-02,2,0.2631,MODIS,0.2877,-0.0246,21.6,18,0.2566
Kolar,2011-03,3,0.2566,MODIS,0.2631,-0.0065,25.1,0.1,0.2674
Kolar,2011-04,4,0.2674,MODIS,0.2566,0.0108,26.4,84.7,0.3428
Kolar,2011-05,5,0.3428,MODIS,0.2674,0.0754,26.6,115.4,0.2924
Kolar,2011-06,6,0.2924,MODIS,0.3428,-0.0504,24.5,49.7,0.2125
Kolar,2011-07,7,0.2125,MODIS,0.2924,-0.0799,23.7,119,0.2894
Kolar,2011-08,8,0.2894,MODIS,0.2125,0.0769,23.2,119.4,0.3294
Kolar,2011-09,9,0.3294,MODIS,0.2894,0.04,23.8,41,0.354
Kolar,2011-10,10,0.354,MODIS,0.3294,0.0246,23.2,176.3,0.3513
Kolar,2011-11,11,0.3513,MODIS,0.354,-0.0027,20.9,69.3,0.3007
Kolar,2011-12,12,0.3007,MODIS,0.3513,-0.0506,20.3,22.8,0.2519
Kolar,2012-01,1,0.2519,MODIS,0.3007,-0.0488,20.5,6.4,0.2171
Kolar,2012-02,2,0.2171,MODIS,0.2519,-0.0348,23.3,0.2,0.2293
Kolar,2012-03,3,0.2293,MODIS,0.2171,0.0122,26.4,3.8,0.2371
Kolar,2012-04,4,0.2371,MODIS,0.2293,0.0078,27.7,39.6,0.32
Kolar,2012-05,5,0.32,MODIS,0.2371,0.0829,27.2,66.8,0.2873
Kolar,2012-06,6,0.2873,MODIS,0.32,-0.0327,25.7,45.6,0.2627
Kolar,2012-07,7,0.2627,MODIS,0.2873,-0.0246,24.4,55.9,0.3119
Kolar,2012-08,8,0.3119,MODIS,0.2627,0.0492,23.7,200.5,0.2854
Kolar,2012-09,9,0.2854,MODIS,0.3119,-0.0265,23.9,94.1,0.3234
Kolar,2012-10,10,0.3234,MODIS,0.2854,0.038,22.6,168.1,0.3133
Kolar,2012-11,11,0.3133,MODIS,0.3234,-0.0101,21.5,42.5,0.2836
Kolar,2012-12,12,0.2836,MODIS,0.3133,-0.0297,20.6,36.7,0.2473
Kolar,2013-01,1,0.2473,MODIS,0.2836,-0.0363,21.3,0.1,0.225
Kolar,2013-02,2,0.225,MODIS,0.2473,-0.0223,22.7,16.7,0.2219
Kolar,2013-03,3,0.2219,MODIS,0.225,-0.0031,26.2,5.8,0.2345
Kolar,2013-04,4,0.2345,MODIS,0.2219,0.0126,28.3,18.6,0.2395
Kolar,2013-05,5,0.2395,MODIS,0.2345,0.005,27.8,97.6,0.2309
Kolar,2013-06,6,0.2309,MODIS,0.2395,-0.0086,23.8,48.2,0.2081
Kolar,2013-07,7,0.2081,MODIS,0.2309,-0.0228,22.9,83.2,0.2913
Kolar,2013-08,8,0.2913,MODIS,0.2081,0.0832,23.3,109.5,0.3255
Kolar,2013-09,9,0.3255,MODIS,0.2913,0.0342,23,188.6,0.3811
Kolar,2013-10,10,0.3811,MODIS,0.3255,0.0556,22.8,98.9,0.3172
Kolar,2013-11,11,0.3172,MODIS,0.3811,-0.0639,21.4,33.3,0.2832
Kolar,2013-12,12,0.2832,MODIS,0.3172,-0.034,19.8,10.1,0.2426
Kolar,2014-01,1,0.2426,MODIS,0.2832,-0.0406,20.3,0.6,0.229
Kolar,2014-02,2,0.229,MODIS,0.2426,-0.0136,22.6,5,0.2464
Kolar,2014-03,3,0.2464,MODIS,0.229,0.0174,25.1,14.8,0.2311
Kolar,2014-04,4,0.2311,MODIS,0.2464,-0.0153,28.5,4.8,0.2634
Kolar,2014-05,5,0.2634,MODIS,0.2311,0.0323,27.7,86.7,0.293
Kolar,2014-06,6,0.293,MODIS,0.2634,0.0296,26.1,104.8,0.2933
Kolar,2014-07,7,0.2933,MODIS,0.293,0.0003,24,54.1,0.2844
Kolar,2014-08,8,0.2844,MODIS,0.2933,-0.0089,23.7,102.9,0.3025
Kolar,2014-09,9,0.3025,MODIS,0.2844,0.0181,23.8,81.3,0.3548
Kolar,2014-10,10,0.3548,MODIS,0.3025,0.0523,23,162.4,0.3144
Kolar,2014-11,11,0.3144,MODIS,0.3548,-0.0404,21.1,85.1,0.2789
Kolar,2014-12,12,0.2789,MODIS,0.3144,-0.0355,20.4,34.3,0.2594
Kolar,2015-01,1,0.2594,MODIS,0.2789,-0.0195,20.6,5.9,0.2249
Kolar,2015-02,2,0.2249,MODIS,0.2594,-0.0345,22.4,3.2,0.2347
Kolar,2015-03,3,0.2347,MODIS,0.2249,0.0098,25.2,30.2,0.2694
Kolar,2015-04,4,0.2694,MODIS,0.2347,0.0347,25.9,182,0.3136
Kolar,2015-05,5,0.3136,MODIS,0.2694,0.0442,26.2,108.3,0.2844
Kolar,2015-06,6,0.2844,MODIS,0.3136,-0.0292,24.6,90,0.2562
Kolar,2015-07,7,0.2562,MODIS,0.2844,-0.0282,24.6,40.3,0.2954
Kolar,2015-08,8,0.2954,MODIS,0.2562,0.0392,24.2,98.6,0.3342
Kolar,2015-09,9,0.3342,MODIS,0.2954,0.0388,24,182.5,0.1837
Kolar,2015-10,10,0.1837,Sentinel2,0.3342,-0.1505,23.4,87,0.261
Kolar,2015-11,11,0.261,MODIS,0.1837,0.0773,20.9,339.1,0.3232
Kolar,2015-12,12,0.3232,MODIS,0.261,0.0622,20.4,58.9,0.1501
Kolar,2016-01,1,0.1501,Sentinel2,0.3232,-0.1731,20.3,10.7,0.2528
Kolar,2016-02,2,0.2528,MODIS,0.1501,0.1027,23.4,0.2,0.2459
Kolar,2016-03,3,0.2459,MODIS,0.2528,-0.0069,26.4,4.6,0.2396
Kolar,2016-04,4,0.2396,MODIS,0.2459,-0.0063,29.3,1.9,0.2789
Kolar,2016-05,5,0.2789,MODIS,0.2396,0.0393,27.3,118.2,0.2301
Kolar,2016-06,6,0.2301,MODIS,0.2789,-0.0488,24.1,190.7,0.2945
Kolar,2016-07,7,0.2945,MODIS,0.2301,0.0644,23.5,173.5,0.272
Kolar,2016-08,8,0.272,MODIS,0.2945,-0.0225,23.9,27,0.2734
Kolar,2016-09,9,0.2734,MODIS,0.272,0.0014,23.7,38.5,0.2706
Kolar,2016-10,10,0.2706,MODIS,0.2734,-0.0028,24.8,25.2,0.1493
Kolar,2016-11,11,0.1493,Sentinel2,0.2706,-0.1213,22.9,6.9,0.1556
Kolar,2016-12,12,0.1556,Sentinel2,0.1493,0.0063,20.5,85.9,0.2643
Kolar,2017-01,1,0.2643,MODIS,0.1556,0.1087,20.8,13.9,0.1247
Kolar,2017-02,2,0.1247,Sentinel2,0.2643,-0.1396,22.6,0.1,0.2324
Kolar,2017-03,3,0.2324,MODIS,0.1247,0.1077,26.5,4.8,0.1221
Kolar,2017-04,4,0.1221,Sentinel2,0.2324,-0.1103,29.5,7.3,0.2788
Kolar,2017-05,5,0.2788,MODIS,0.1221,0.1567,27.6,100,0.2853
Kolar,2017-06,6,0.2853,MODIS,0.2788,0.0065,24.7,71.4,0.2731
Kolar,2017-07,7,0.2731,MODIS,0.2853,-0.0122,24.7,50.5,0.2631
Kolar,2017-08,8,0.2631,MODIS,0.2731,-0.01,23.9,145.9,0.3355
Kolar,2017-09,9,0.3355,MODIS,0.2631,0.0724,23.6,230.1,0.343
Kolar,2017-10,10,0.343,MODIS,0.3355,0.0075,23,154.5,0.3489
Kolar,2017-11,11,0.3489,MODIS,0.343,0.0059,21.6,47.9,0.3029
Kolar,2017-12,12,0.3029,MODIS,0.3489,-0.046,20.3,8,0.1262
Kolar,2018-01,1,0.1262,Sentinel2,0.3029,-0.1767,20.8,0.4,0.1358
Kolar,2018-02,2,0.1358,Sentinel2,0.1262,0.0096,21.9,33.7,0.2756
Kolar,2018-03,3,0.2756,MODIS,0.1358,0.1398,25,65.2,0.2728
Kolar,2018-04,4,0.2728,MODIS,0.2756,-0.0028,27.5,6.9,0.3079
Kolar,2018-05,5,0.3079,MODIS,0.2728,0.0351,26.7,115.6,0.2821
Kolar,2018-06,6,0.2821,MODIS,0.3079,-0.0258,24.3,120.5,0.1892
Kolar,2018-07,7,0.1892,MODIS,0.2821,-0.0929,23.7,52.6,0.2462
Kolar,2018-08,8,0.2462,MODIS,0.1892,0.057,23.4,53.7,0.3516
Kolar,2018-09,9,0.3516,MODIS,0.2462,0.1054,24.2,76.5,0.337
Kolar,2018-10,10,0.337,MODIS,0.3516,-0.0146,23.4,80.8,0.2932
Kolar,2018-11,11,0.2932,MODIS,0.337,-0.0438,21.9,83.4,0.1902
Kolar,2018-12,12,0.1902,Sentinel2,0.2932,-0.103,21.7,7.1,0.1416
Kolar,2019-01,1,0.1416,Sentinel2,0.1902,-0.0486,20.5,24.8,0.1387
Kolar,2019-02,2,0.1387,Sentinel2,0.1416,-0.0029,23.9,12.3,0.119
Kolar,2019-03,3,0.119,Sentinel2,0.1387,-0.0197,27.3,0.5,0.1454
Kolar,2019-04,4,0.1454,Sentinel2,0.119,0.0264,28.3,37.5,0.1918
Kolar,2019-05,5,0.1918,Sentinel2,0.1454,0.0464,28.6,69.6,0.2088
Kolar,2019-06,6,0.2088,Sentinel2,0.1918,0.017,25.6,122.3,0.2469
Kolar,2019-07,7,0.2469,MODIS,0.2088,0.0381,24.3,115,0.2724
Kolar,2019-08,8,0.2724,MODIS,0.2469,0.0255,23.6,116.1,0.3269
Kolar,2019-09,9,0.3269,MODIS,0.2724,0.0545,23.4,203.8,0.3031
Kolar,2019-10,10,0.3031,MODIS,0.3269,-0.0238,22.5,187,0.2793
Kolar,2019-11,11,0.2793,Sentinel2,0.3031,-0.0238,22.2,46.9,0.2846
Kolar,2019-12,12,0.2846,MODIS,0.2793,0.0053,20.5,40.2,0.1479
Kolar,2020-01,1,0.1479,Sentinel2,0.2846,-0.1367,21.8,6.3,0.1423
Kolar,2020-02,2,0.1423,Sentinel2,0.1479,-0.0056,22.7,0.5,0.1248
Kolar,2020-03,3,0.1248,Sentinel2,0.1423,-0.0175,25.6,8.6,0.1925
Kolar,2020-04,4,0.1925,Sentinel2,0.1248,0.0677,27.3,18.8,0.1602
Kolar,2020-05,5,0.1602,Sentinel2,0.1925,-0.0323,28.5,18.3,0.2842
Kolar,2020-06,6,0.2842,MODIS,0.1602,0.124,25.2,121.4,0.3264
Kolar,2020-07,7,0.3264,MODIS,0.2842,0.0422,23.6,176.3,0.331
Kolar,2020-08,8,0.331,MODIS,0.3264,0.0046,23.5,85.7,0.3382
Kolar,2020-09,9,0.3382,MODIS,0.331,0.0072,22.9,173.3,0.3599
Kolar,2020-10,10,0.3599,MODIS,0.3382,0.0217,22.8,71.1,0.3661
Kolar,2020-11,11,0.3661,MODIS,0.3599,0.0062,21.4,135,0.2378
Kolar,2020-12,12,0.2378,Sentinel2,0.3661,-0.1283,19.5,84,0.2187
Kolar,2021-01,1,0.2187,Sentinel2,0.2378,-0.0191,20.2,56.7,0.1909
Kolar,2021-02,2,0.1909,Sentinel2,0.2187,-0.0278,21,10.2,0.1513
Kolar,2021-03,3,0.1513,Sentinel2,0.1909,-0.0396,25.2,0.1,0.1908
Kolar,2021-04,4,0.1908,Sentinel2,0.1513,0.0395,26.9,44.5,0.2186
Kolar,2021-05,5,0.2186,Sentinel2,0.1908,0.0278,26.4,65.8,0.2546
Kolar,2021-06,6,0.2546,Sentinel2,0.2186,0.036,24.7,107.4,0.2809
Kolar,2021-07,7,0.2809,MODIS,0.2546,0.0263,23.5,161,0.305
Kolar,2021-08,8,0.305,MODIS,0.2809,0.0241,23.6,115.1,0.2522
Kolar,2021-09,9,0.2522,Sentinel2,0.305,-0.0528,23.7,79.1,0.3374
Kolar,2021-10,10,0.3374,MODIS,0.2522,0.0852,22.9,236.5,0.2414
Kolar,2021-11,11,0.2414,MODIS,0.3374,-0.096,20.9,421.5,0.2081
Kolar,2021-12,12,0.2081,Sentinel2,0.2414,-0.0333,20,16.3,0.2262
Kolar,2022-01,1,0.2262,Sentinel2,0.2081,0.0181,21,9.5,0.1247
Kolar,2022-02,2,0.1247,Sentinel2,0.2262,-0.1015,22.1,0.4,0.1234
Kolar,2022-03,3,0.1234,Sentinel2,0.1247,-0.0013,25.3,4,0.1357
Kolar,2022-04,4,0.1357,Sentinel2,0.1234,0.0123,27.2,17.7,0.1581
Kolar,2022-05,5,0.1581,Sentinel2,0.1357,0.0224,25.8,109.7,0.1704
Kolar,2022-06,6,0.1704,Sentinel2,0.1581,0.0123,24.6,171.3,0.2793
Kolar,2022-07,7,0.2793,MODIS,0.1704,0.1089,23.1,153.7,0.3369
Kolar,2022-08,8,0.3369,MODIS,0.2793,0.0576,23.3,220.6,0.1972
Kolar,2022-09,9,0.1972,Sentinel2,0.3369,-0.1397,23.3,82.7,0.1962
Kolar,2022-10,10,0.1962,Sentinel2,0.1972,-0.001,21.9,137,0.3393
Kolar,2022-11,11,0.3393,MODIS,0.1962,0.1431,20.5,85.6,0.1651
Kolar,2022-12,12,0.1651,Sentinel2,0.3393,-0.1742,20.1,114.7,0.1335
Kolar,2023-01,1,0.1335,Sentinel2,0.1651,-0.0316,19.5,2.1,0.131
Kolar,2023-02,2,0.131,Sentinel2,0.1335,-0.0025,22.3,0.1,0.1338
Kolar,2023-03,3,0.1338,Sentinel2,0.131,0.0028,24.3,30.6,0.1307
Kolar,2023-04,4,0.1307,Sentinel2,0.1338,-0.0031,27,21.1,0.1625
Kolar,2023-05,5,0.1625,Sentinel2,0.1307,0.0318,26.6,108.9,0.1807
Kolar,2023-06,6,0.1807,Sentinel2,0.1625,0.0182,25.9,100.3,0.2509
Kolar,2023-07,7,0.2509,MODIS,0.1807,0.0702,23.6,137.4,0.294
Kolar,2023-08,8,0.294,MODIS,0.2509,0.0431,25.3,27.8,0.3211
Kolar,2023-09,9,0.3211,MODIS,0.294,0.0271,24.7,82.4,0.1728
Kolar,2023-10,10,0.1728,Sentinel2,0.3211,-0.1483,24.5,37.3,0.3162
Kolar,2023-11,11,0.3162,MODIS,0.1728,0.1434,22.1,126.6,0.1433
Kolar,2023-12,12,0.1433,Sentinel2,0.3162,-0.1729,21.1,22.1,0.1235
Kolar,2024-01,1,0.1235,Sentinel2,0.1433,-0.0198,21.4,27.5,0.1115
Kolar,2024-02,2,0.1115,Sentinel2,0.1235,-0.012,24,1.4,0.1168
Kolar,2024-03,3,0.1168,Sentinel2,0.1115,0.0053,26.9,0.2,0.1207
Kolar,2024-04,4,0.1207,Sentinel2,0.1168,0.0039,29.3,1.3,0.0891
Kolar,2024-05,5,0.0891,Sentinel2,0.1207,-0.0316,27.4,150.6,0.1384
Kolar,2024-06,6,0.1384,Sentinel2,0.0891,0.0493,24.8,166.6,0.3117
Kolar,2024-07,7,0.3117,MODIS,0.1384,0.1733,23.8,126,0.2871
Kolar,2024-08,8,0.2871,MODIS,0.3117,-0.0246,23.8,173.2,0.1597
Kolar,2024-09,9,0.1597,Sentinel2,0.2871,-0.1274,24,30.1,0.3565
Kolar,2024-10,10,0.3565,MODIS,0.1597,0.1968,23.1,177,0.2038
Kolar,2024-11,11,0.2038,MODIS,0.3565,-0.1527,21.5,63.8,0.1767
Kolar,2024-12,12,0.1767,Sentinel2,0.2038,-0.0271,20.9,89.4,0.154
Kolar,2025-01,1,0.154,Sentinel2,0.1767,-0.0227,19.8,5.5,0.1324
Kolar,2025-02,2,0.1324,Sentinel2,0.154,-0.0216,23,0.1,0.1318
Kolar,2025-03,3,0.1318,Sentinel2,0.1324,-0.0006,25.9,9.4,0.1493
Kolar,2025-04,4,0.1493,Sentinel2,0.1318,0.0175,27,38,0.1527
Kolar,2025-05,5,0.1527,Sentinel2,0.1493,0.0034,25.8,169.8,0.1768
Kolar,2025-06,6,0.1768,Sentinel2,0.1527,0.0241,24.6,43.3,0.256
Kolar,2025-07,7,0.256,MODIS,0.1768,0.0792,23.7,66.1,0.2987
Kolar,2025-08,8,0.2987,MODIS,0.256,0.0427,23.1,182.6,0.3279
Kolar,2025-09,9,0.3279,MODIS,0.2987,0.0292,23.4,60.1,0.3152
Kolar,2025-10,10,0.3152,MODIS,0.3279,-0.0127,22.7,132.5,0.1839
Kolar,2025-11,11,0.1839,Sentinel2,0.3152,-0.1313,21.3,64.1,0.1627
Chikkaballapur,2010-01,1,0.3353,MODIS,,,20.9,7.2,0.281
Chikkaballapur,2010-02,2,0.281,MODIS,0.3353,-0.0543,23.9,1.1,0.2641
Chikkaballapur,2010-03,3,0.2641,MODIS,0.281,-0.0169,27.1,0.3,0.3271
Chikkaballapur,2010-04,4,0.3271,MODIS,0.2641,0.063,28.5,20,0.3634
Chikkaballapur,2010-05,5,0.3634,MODIS,0.3271,0.0363,27.3,67.5,0.3667
Chikkaballapur,2010-06,6,0.3667,MODIS,0.3634,0.0033,24.6,117.7,0.2658
Chikkaballapur,2010-07,7,0.2658,MODIS,0.3667,-0.1009,22.7,190,0.4093
Chikkaballapur,2010-08,8,0.4093,MODIS,0.2658,0.1435,22.7,168.9,0.4439
Chikkaballapur,2010-09,9,0.4439,MODIS,0.4093,0.0346,22.6,113.4,0.3564
Chikkaballapur,2010-10,10,0.3564,MODIS,0.4439,-0.0875,22.4,106.2,0.4212
Chikkaballapur,2010-11,11,0.4212,MODIS,0.3564,0.0648,21.1,131.2,0.3798
Chikkaballapur,2010-12,12,0.3798,MODIS,0.4212,-0.0414,19.3,24.5,0.3408
Chikkaballapur,2011-01,1,0.3408,MODIS,0.3798,-0.039,20,0.5,0.2867
Chikkaballapur,2011-02,2,0.2867,MODIS,0.3408,-0.0541,21.7,4.5,0.2771
Chikkaballapur,2011-03,3,0.2771,MODIS,0.2867,-0.0096,25.3,0,0.2908
Chikkaballapur,2011-04,4,0.2908,MODIS,0.2771,0.0137,26.3,56.9,0.3386
Chikkaballapur,2011-05,5,0.3386,MODIS,0.2908,0.0478,26.1,104.2,0.335
Chikkaballapur,2011-06,6,0.335,MODIS,0.3386,-0.0036,23.9,59.6,0.2877
Chikkaballapur,2011-07,7,0.2877,MODIS,0.335,-0.0473,22.9,136.6,0.3131
Chikkaballapur,2011-08,8,0.3131,MODIS,0.2877,0.0254,22.4,147.4,0.401
Chikkaballapur,2011-09,9,0.401,MODIS,0.3131,0.0879,22.8,52.8,0.4097
Chikkaballapur,2011-10,10,0.4097,MODIS,0.401,0.0087,22.7,152.4,0.4255
Chikkaballapur,2011-11,11,0.4255,MODIS,0.4097,0.0158,20.6,63.9,0.3703
Chikkaballapur,2011-12,12,0.3703,MODIS,0.4255,-0.0552,20.4,15.3,0.3197
Chikkaballapur,2012-01,1,0.3197,MODIS,0.3703,-0.0506,20.7,4.8,0.2579
Chikkaballapur,2012-02,2,0.2579,MODIS,0.3197,-0.0618,23.3,0.1,0.2542
Chikkaballapur,2012-03,3,0.2542,MODIS,0.2579,-0.0037,26.4,3.7,0.2587
Chikkaballapur,2012-04,4,0.2587,MODIS,0.2542,0.0045,27.5,40.7,0.3336
Chikkaballapur,2012-05,5,0.3336,MODIS,0.2587,0.0749,26.6,53.8,0.3122
Chikkaballapur,2012-06,6,0.3122,MODIS,0.3336,-0.0214,24.8,53.4,0.2293
Chikkaballapur,2012-07,7,0.2293,MODIS,0.3122,-0.0829,23.5,73.7,0.3441
Chikkaballapur,2012-08,8,0.3441,MODIS,0.2293,0.1148,22.8,181.3,0.4273
Chikkaballapur,2012-09,9,0.4273,MODIS,0.3441,0.0832,22.9,145.3,0.4185
Chikkaballapur,2012-10,10,0.4185,MODIS,0.4273,-0.0088,22.2,125,0.4051
Chikkaballapur,2012-11,11,0.4051,MODIS,0.4185,-0.0134,21,31.6,0.3413
Chikkaballapur,2012-12,12,0.3413,MODIS,0.4051,-0.0638,20.4,44.4,0.2957
Chikkaballapur,2013-01,1,0.2957,MODIS,0.3413,-0.0456,21.4,0.1,0.2803
Chikkaballapur,2013-02,2,0.2803,MODIS,0.2957,-0.0154,22.7,20.1,0.2869
Chikkaballapur,2013-03,3,0.2869,MODIS,0.2803,0.0066,26.5,4.2,0.2546
Chikkaballapur,2013-04,4,0.2546,MODIS,0.2869,-0.0323,28.1,15.7,0.2501
Chikkaballapur,2013-05,5,0.2501,MODIS,0.2546,-0.0045,27.1,98.7,0.2223
Chikkaballapur,2013-06,6,0.2223,MODIS,0.2501,-0.0278,23.1,76.5,0.252
Chikkaballapur,2013-07,7,0.252,MODIS,0.2223,0.0297,22,123.6,0.3347
Chikkaballapur,2013-08,8,0.3347,MODIS,0.252,0.0827,22.4,110,0.4243
Chikkaballapur,2013-09,9,0.4243,MODIS,0.3347,0.0896,22.2,212.2,0.425
Chikkaballapur,2013-10,10,0.425,MODIS,0.4243,0.0007,22,95.9,0.3788
Chikkaballapur,2013-11,11,0.3788,MODIS,0.425,-0.0462,21,25.4,0.3114
Chikkaballapur,2013-12,12,0.3114,MODIS,0.3788,-0.0674,19.7,4.7,0.2852
Chikkaballapur,2014-01,1,0.2852,MODIS,0.3114,-0.0262,20.4,0.1,0.2457
Chikkaballapur,2014-02,2,0.2457,MODIS,0.2852,-0.0395,22.7,2.3,0.2673
Chikkaballapur,2014-03,3,0.2673,MODIS,0.2457,0.0216,25.2,14.5,0.2444
Chikkaballapur,2014-04,4,0.2444,MODIS,0.2673,-0.0229,28.4,5.2,0.2772
Chikkaballapur,2014-05,5,0.2772,MODIS,0.2444,0.0328,27,96,0.3042
Chikkaballapur,2014-06,6,0.3042,MODIS,0.2772,0.027,25.4,75.2,0.1898
Chikkaballapur,2014-07,7,0.1898,MODIS,0.3042,-0.1144,23.2,91.3,0.3616
Chikkaballapur,2014-08,8,0.3616,MODIS,0.1898,0.1718,22.9,129.2,0.3687
Chikkaballapur,2014-09,9,0.3687,MODIS,0.3616,0.0071,22.9,107,0.4694
Chikkaballapur,2014-10,10,0.4694,MODIS,0.3687,0.1007,22.4,132.6,0.4093
Chikkaballapur,2014-11,11,0.4093,MODIS,0.4694,-0.0601,20.8,84.4,0.3245
Chikkaballapur,2014-12,12,0.3245,MODIS,0.4093,-0.0848,20.4,26.9,0.2912
Chikkaballapur,2015-01,1,0.2912,MODIS,0.3245,-0.0333,20.9,4.3,0.237
Chikkaballapur,2015-02,2,0.237,MODIS,0.2912,-0.0542,22.5,3.7,0.2452
Chikkaballapur,2015-03,3,0.2452,MODIS,0.237,0.0082,25.6,10.6,0.2445
Chikkaballapur,2015-04,4,0.2445,MODIS,0.2452,-0.0007,25.8,161.5,0.3015
Chikkaballapur,2015-05,5,0.3015,MODIS,0.2445,0.057,26,115.2,0.3388
Chikkaballapur,2015-06,6,0.3388,MODIS,0.3015,0.0373,23.9,108.7,0.3256
Chikkaballapur,2015-07,7,0.3256,MODIS,0.3388,-0.0132,23.7,58.9,0.3607
Chikkaballapur,2015-08,8,0.3607,MODIS,0.3256,0.0351,23.3,117.4,0.4315
Chikkaballapur,2015-09,9,0.4315,MODIS,0.3607,0.0708,23.2,172.3,0.4173
Chikkaballapur,2015-10,10,0.4173,MODIS,0.4315,-0.0142,23,81.4,0.3478
Chikkaballapur,2015-11,11,0.3478,MODIS,0.4173,-0.0695,20.6,313.4,0.3854
Chikkaballapur,2015-12,12,0.3854,MODIS,0.3478,0.0376,20.3,25.2,0.3338
Chikkaballapur,2016-01,1,0.3338,MODIS,0.3854,-0.0516,20.3,10.1,0.2812
Chikkaballapur,2016-02,2,0.2812,MODIS,0.3338,-0.0526,23.7,0,0.268
Chikkaballapur,2016-03,3,0.268,MODIS,0.2812,-0.0132,26.9,1.2,0.2555
Chikkaballapur,2016-04,4,0.2555,MODIS,0.268,-0.0125,29.5,0.9,0.3224
Chikkaballapur,2016-05,5,0.3224,MODIS,0.2555,0.0669,27.1,98.9,0.3115
Chikkaballapur,2016-06,6,0.3115,MODIS,0.3224,-0.0109,23.4,204.3,0.3189
Chikkaballapur,2016-07,7,0.3189,MODIS,0.3115,0.0074,22.7,196,0.3792
Chikkaballapur,2016-08,8,0.3792,MODIS,0.3189,0.0603,23,36.8,0.3062
Chikkaballapur,2016-09,9,0.3062,MODIS,0.3792,-0.073,22.7,52.8,0.2149
Chikkaballapur,2016-10,10,0.2149,Sentinel2,0.3062,-0.0913,23.7,22.7,0.192
Chikkaballapur,2016-11,11,0.192,Sentinel2,0.2149,-0.0229,22.7,5.6,0.1949
Chikkaballapur,2016-12,12,0.1949,Sentinel2,0.192,0.0029,20.3,72.4,0.1627
Chikkaballapur,2017-01,1,0.1627,Sentinel2,0.1949,-0.0322,20.8,20.7,0.1547
Chikkaballapur,2017-02,2,0.1547,Sentinel2,0.1627,-0.008,22.8,0,0.2983
Chikkaballapur,2017-03,3,0.2983,MODIS,0.1547,0.1436,26.7,10.8,0.1688
Chikkaballapur,2017-04,4,0.1688,Sentinel2,0.2983,-0.1295,29.2,7.9,0.3419
Chikkaballapur,2017-05,5,0.3419,MODIS,0.1688,0.1731,27.3,69.5,0.3233
Chikkaballapur,2017-06,6,0.3233,MODIS,0.3419,-0.0186,24.1,106.7,0.2815
Chikkaballapur,2017-07,7,0.2815,MODIS,0.3233,-0.0418,23.8,53,0.3057
Chikkaballapur,2017-08,8,0.3057,MODIS,0.2815,0.0242,23.3,152,0.4042
Chikkaballapur,2017-09,9,0.4042,MODIS,0.3057,0.0985,23.1,231.6,0.4349
Chikkaballapur,2017-10,10,0.4349,MODIS,0.4042,0.0307,22.4,196.2,0.3873
Chikkaballapur,2017-11,11,0.3873,MODIS,0.4349,-0.0476,21.4,29.1,0.3219
Chikkaballapur,2017-12,12,0.3219,MODIS,0.3873,-0.0654,20.4,4.5,0.1581
Chikkaballapur,2018-01,1,0.1581,Sentinel2,0.3219,-0.1638,20.8,0.1,0.1636
Chikkaballapur,2018-02,2,0.1636,Sentinel2,0.1581,0.0055,21.8,34.2,0.1731
Chikkaballapur,2018-03,3,0.1731,Sentinel2,0.1636,0.0095,24.9,89.8,0.2653
Chikkaballapur,2018-04,4,0.2653,MODIS,0.1731,0.0922,27.1,11.5,0.319
Chikkaballapur,2018-05,5,0.319,MODIS,0.2653,0.0537,25.9,172.3,0.3422
Chikkaballapur,2018-06,6,0.3422,MODIS,0.319,0.0232,23.4,162.6,0.223
Chikkaballapur,2018-07,7,0.223,MODIS,0.3422,-0.1192,22.8,85.6,0.2897
Chikkaballapur,2018-08,8,0.2897,MODIS,0.223,0.0667,22.3,84.5,0.4169
Chikkaballapur,2018-09,9,0.4169,MODIS,0.2897,0.1272,23.1,89.6,0.2458
Chikkaballapur,2018-10,10,0.2458,Sentinel2,0.4169,-0.1711,22.8,80.4,0.3567
Chikkaballapur,2018-11,11,0.3567,MODIS,0.2458,0.1109,21.8,45.2,0.254
Chikkaballapur,2018-12,12,0.254,Sentinel2,0.3567,-0.1027,21.8,6.2,0.1882
Chikkaballapur,2019-01,1,0.1882,Sentinel2,0.254,-0.0658,20.4,14.3,0.1848
Chikkaballapur,2019-02,2,0.1848,Sentinel2,0.1882,-0.0034,23.8,10.1,0.1716
Chikkaballapur,2019-03,3,0.1716,Sentinel2,0.1848,-0.0132,27.4,0.1,0.1717
Chikkaballapur,2019-04,4,0.1717,Sentinel2,0.1716,0.0001,28.6,15.9,0.1687
Chikkaballapur,2019-05,5,0.1687,Sentinel2,0.1717,-0.003,28.1,53.2,0.326
Chikkaballapur,2019-06,6,0.326,MODIS,0.1687,0.1573,25,144,0.3224
Chikkaballapur,2019-07,7,0.3224,MODIS,0.326,-0.0036,23.4,136.9,0.324
Chikkaballapur,2019-08,8,0.324,MODIS,0.3224,0.0016,22.8,113.9,0.3741
Chikkaballapur,2019-09,9,0.3741,MODIS,0.324,0.0501,22.8,171.7,0.3358
Chikkaballapur,2019-10,10,0.3358,MODIS,0.3741,-0.0383,22.1,255.3,0.3706
Chikkaballapur,2019-11,11,0.3706,Sentinel2,0.3358,0.0348,21.6,40.6,0.1766
Chikkaballapur,2019-12,12,0.1766,Sentinel2,0.3706,-0.194,20.4,32.8,0.2332
Chikkaballapur,2020-01,1,0.2332,Sentinel2,0.1766,0.0566,21.9,4.5,0.2031
Chikkaballapur,2020-02,2,0.2031,Sentinel2,0.2332,-0.0301,23,0.2,0.1642
Chikkaballapur,2020-03,3,0.1642,Sentinel2,0.2031,-0.0389,25.8,11.1,0.2206
Chikkaballapur,2020-04,4,0.2206,Sentinel2,0.1642,0.0564,27.3,25,0.2698
Chikkaballapur,2020-05,5,0.2698,Sentinel2,0.2206,0.0492,28,26.1,0.3291
Chikkaballapur,2020-06,6,0.3291,MODIS,0.2698,0.0593,24.7,143.4,0.3493
Chikkaballapur,2020-07,7,0.3493,MODIS,0.3291,0.0202,22.9,231.4,0.3856
Chikkaballapur,2020-08,8,0.3856,MODIS,0.3493,0.0363,22.8,101.4,0.4179
Chikkaballapur,2020-09,9,0.4179,MODIS,0.3856,0.0323,22.4,199.4,0.4195
Chikkaballapur,2020-10,10,0.4195,MODIS,0.4179,0.0016,22.2,85.4,0.3778
Chikkaballapur,2020-11,11,0.3778,MODIS,0.4195,-0.0417,21,73.5,0.3189
Chikkaballapur,2020-12,12,0.3189,Sentinel2,0.3778,-0.0589,19.4,53.4,0.232
Chikkaballapur,2021-01,1,0.232,Sentinel2,0.3189,-0.0869,20.2,44.2,0.2327
Chikkaballapur,2021-02,2,0.2327,Sentinel2,0.232,0.0007,21.1,9.4,0.2156
Chikkaballapur,2021-03,3,0.2156,Sentinel2,0.2327,-0.0171,25.5,0,0.2442
Chikkaballapur,2021-04,4,0.2442,Sentinel2,0.2156,0.0286,26.7,39.8,0.3068
Chikkaballapur,2021-05,5,0.3068,Sentinel2,0.2442,0.0626,25.8,98.7,0.2487
Chikkaballapur,2021-06,6,0.2487,Sentinel2,0.3068,-0.0581,23.9,117.3,0.3471
Chikkaballapur,2021-07,7,0.3471,MODIS,0.2487,0.0984,22.7,183.8,0.3171
Chikkaballapur,2021-08,8,0.3171,MODIS,0.3471,-0.03,22.7,146.1,0.4135
Chikkaballapur,2021-09,9,0.4135,MODIS,0.3171,0.0964,22.8,77.4,0.435
Chikkaballapur,2021-10,10,0.435,MODIS,0.4135,0.0215,22.5,202.9,0.2934
Chikkaballapur,2021-11,11,0.2934,MODIS,0.435,-0.1416,20.6,360.2,0.2669
Chikkaballapur,2021-12,12,0.2669,Sentinel2,0.2934,-0.0265,19.8,14.4,0.2086
Chikkaballapur,2022-01,1,0.2086,Sentinel2,0.2669,-0.0583,20.9,5.9,0.1746
Chikkaballapur,2022-02,2,0.1746,Sentinel2,0.2086,-0.034,22.2,0.1,0.1703
Chikkaballapur,2022-03,3,0.1703,Sentinel2,0.1746,-0.0043,25.4,3.5,0.1824
Chikkaballapur,2022-04,4,0.1824,Sentinel2,0.1703,0.0121,27.4,11.6,0.209
Chikkaballapur,2022-05,5,0.209,Sentinel2,0.1824,0.0266,25.1,113.4,0.3421
Chikkaballapur,2022-06,6,0.3421,MODIS,0.209,0.1331,24.1,125.8,0.3596
Chikkaballapur,2022-07,7,0.3596,MODIS,0.3421,0.0175,22.5,162.2,0.0563
Chikkaballapur,2022-08,8,0.0563,Sentinel2,0.3596,-0.3033,22.6,191.2,0.2507
Chikkaballapur,2022-09,9,0.2507,MODIS,0.0563,0.1944,22.6,122.3,0.247
Chikkaballapur,2022-10,10,0.247,Sentinel2,0.2507,-0.0037,21.5,118.8,0.4262
Chikkaballapur,2022-11,11,0.4262,MODIS,0.247,0.1792,20.2,63.2,0.2056
Chikkaballapur,2022-12,12,0.2056,Sentinel2,0.4262,-0.2206,19.9,101.9,0.1744
Chikkaballapur,2023-01,1,0.1744,Sentinel2,0.2056,-0.0312,19.7,0.5,0.1745
Chikkaballapur,2023-02,2,0.1745,Sentinel2,0.1744,0.0001,22.3,0,0.1703
Chikkaballapur,2023-03,3,0.1703,Sentinel2,0.1745,-0.0042,24.4,27.3,0.1684
Chikkaballapur,2023-04,4,0.1684,Sentinel2,0.1703,-0.0019,27.2,32.2,0.2015
Chikkaballapur,2023-05,5,0.2015,Sentinel2,0.1684,0.0331,26.4,83.8,0.3178
Chikkaballapur,2023-06,6,0.3178,MODIS,0.2015,0.1163,25.5,83.9,0.2568
Chikkaballapur,2023-07,7,0.2568,MODIS,0.3178,-0.061,22.8,198.3,0.2067
Chikkaballapur,2023-08,8,0.2067,Sentinel2,0.2568,-0.0501,24.3,24.4,0.3923
Chikkaballapur,2023-09,9,0.3923,MODIS,0.2067,0.1856,24.1,71.9,0.1302
Chikkaballapur,2023-10,10,0.1302,Sentinel2,0.3923,-0.2621,24.4,26.9,0.2085
Chikkaballapur,2023-11,11,0.2085,Sentinel2,0.1302,0.0783,22,119.6,0.3336
Chikkaballapur,2023-12,12,0.3336,MODIS,0.2085,0.1251,21.1,13.8,0.1728
Chikkaballapur,2024-01,1,0.1728,Sentinel2,0.3336,-0.1608,21.8,20.6,0.1549
Chikkaballapur,2024-02,2,0.1549,Sentinel2,0.1728,-0.0179,24.4,0.2,0.156
Chikkaballapur,2024-03,3,0.156,Sentinel2,0.1549,0.0011,27.4,0.1,0.1626
Chikkaballapur,2024-04,4,0.1626,Sentinel2,0.156,0.0066,29.6,1.5,0.1505
Chikkaballapur,2024-05,5,0.1505,Sentinel2,0.1626,-0.0121,27.3,130.7,0.2138
Chikkaballapur,2024-06,6,0.2138,Sentinel2,0.1505,0.0633,24.2,176,0.2289
Chikkaballapur,2024-07,7,0.2289,MODIS,0.2138,0.0151,23.2,161.9,0.3418
Chikkaballapur,2024-08,8,0.3418,MODIS,0.2289,0.1129,23.2,240.6,0.2384
Chikkaballapur,2024-09,9,0.2384,Sentinel2,0.3418,-0.1034,23.1,51.1,0.4127
Chikkaballapur,2024-10,10,0.4127,MODIS,0.2384,0.1743,22.5,206,0.1729
Chikkaballapur,2024-11,11,0.1729,Sentinel2,0.4127,-0.2398,21.1,55,0.2227
Chikkaballapur,2024-12,12,0.2227,Sentinel2,0.1729,0.0498,20.6,71.1,0.1888
Chikkaballapur,2025-01,1,0.1888,Sentinel2,0.2227,-0.0339,19.9,3.1,0.1617
Chikkaballapur,2025-02,2,0.1617,Sentinel2,0.1888,-0.0271,23.1,0,0.1549
Chikkaballapur,2025-03,3,0.1549,Sentinel2,0.1617,-0.0068,26.1,8,0.1661
Chikkaballapur,2025-04,4,0.1661,Sentinel2,0.1549,0.0112,26.7,45.6,0.1696
Chikkaballapur,2025-05,5,0.1696,Sentinel2,0.1661,0.0035,25.2,205.1,0.2252
Chikkaballapur,2025-06,6,0.2252,Sentinel2,0.1696,0.0556,23.7,78.2,0.2627
Chikkaballapur,2025-07,7,0.2627,MODIS,0.2252,0.0375,22.8,94.9,0.3473
Chikkaballapur,2025-08,8,0.3473,MODIS,0.2627,0.0846,22.3,214.3,0.3721
Chikkaballapur,2025-09,9,0.3721,MODIS,0.3473,0.0248,22.6,51.6,0.421
Chikkaballapur,2025-10,10,0.421,MODIS,0.3721,0.0489,22.2,142.4,0.2302
Chikkaballapur,2025-11,11,0.2302,Sentinel2,0.421,-0.1908,20.8,44.2,0.2052
Ramanagara,2010-01,1,0.3782,MODIS,,,22.3,3,0.3126
Ramanagara,2010-02,2,0.3126,MODIS,0.3782,-0.0656,25.1,1.2,0.317
Ramanagara,2010-03,3,0.317,MODIS,0.3126,0.0044,27.7,2,0.3258
Ramanagara,2010-04,4,0.3258,MODIS,0.317,0.0088,28.1,66,0.3949
Ramanagara,2010-05,5,0.3949,MODIS,0.3258,0.0691,26.5,144,0.3384
Ramanagara,2010-06,6,0.3384,MODIS,0.3949,-0.0565,24.2,139,0.3048
Ramanagara,2010-07,7,0.3048,MODIS,0.3384,-0.0336,22.7,247.6,0.2395
Ramanagara,2010-08,8,0.2395,MODIS,0.3048,-0.0653,22.9,158.7,0.4336
Ramanagara,2010-09,9,0.4336,MODIS,0.2395,0.1941,22.9,122.7,0.3552
Ramanagara,2010-10,10,0.3552,MODIS,0.4336,-0.0784,22.8,115.7,0.3073
Ramanagara,2010-11,11,0.3073,MODIS,0.3552,-0.0479,21.8,183.4,0.3982
Ramanagara,2010-12,12,0.3982,MODIS,0.3073,0.0909,20.4,17.3,0.3503
Ramanagara,2011-01,1,0.3503,MODIS,0.3982,-0.0479,21.4,0.8,0.2995
Ramanagara,2011-02,2,0.2995,MODIS,0.3503,-0.0508,22.8,12,0.2964
Ramanagara,2011-03,3,0.2964,MODIS,0.2995,-0.0031,26.1,1.6,0.3569
Ramanagara,2011-04,4,0.3569,MODIS,0.2964,0.0605,26.3,126.6,0.4185
Ramanagara,2011-05,5,0.4185,MODIS,0.3569,0.0616,26,93.2,0.3304
Ramanagara,2011-06,6,0.3304,MODIS,0.4185,-0.0881,23.6,97.6,0.3
Ramanagara,2011-07,7,0.3,MODIS,0.3304,-0.0304,22.8,191.2,0.2936
Ramanagara,2011-08,8,0.2936,MODIS,0.3,-0.0064,22.4,240.3,0.4417
Ramanagara,2011-09,9,0.4417,MODIS,0.2936,0.1481,22.6,77.9,0.3562
Ramanagara,2011-10,10,0.3562,MODIS,0.4417,-0.0855,22.8,208.8,0.4405
Ramanagara,2011-11,11,0.4405,MODIS,0.3562,0.0843,21.3,71.4,0.3932
Ramanagara,2011-12,12,0.3932,MODIS,0.4405,-0.0473,20.9,10.4,0.3487
Ramanagara,2012-01,1,0.3487,MODIS,0.3932,-0.0445,21.4,0.6,0.299
Ramanagara,2012-02,2,0.299,MODIS,0.3487,-0.0497,23.8,0.1,0.2978
Ramanagara,2012-03,3,0.2978,MODIS,0.299,-0.0012,27,0.3,0.3075
Ramanagara,2012-04,4,0.3075,MODIS,0.2978,0.0097,27.8,49.3,0.3907
Ramanagara,2012-05,5,0.3907,MODIS,0.3075,0.0832,26.2,52.6,0.2328
Ramanagara,2012-06,6,0.2328,MODIS,0.3907,-0.1579,24.4,81.6,0.1309
Ramanagara,2012-07,7,0.1309,MODIS,0.2328,-0.1019,23.4,115.4,0.3542
Ramanagara,2012-08,8,0.3542,MODIS,0.1309,0.2233,22.7,178.6,0.3851
Ramanagara,2012-09,9,0.3851,MODIS,0.3542,0.0309,22.9,101.7,0.4103
Ramanagara,2012-10,10,0.4103,MODIS,0.3851,0.0252,22.7,155.8,0.4091
Ramanagara,2012-11,11,0.4091,MODIS,0.4103,-0.0012,21.8,47.2,0.3703
Ramanagara,2012-12,12,0.3703,MODIS,0.4091,-0.0388,21.7,38.3,0.3094
Ramanagara,2013-01,1,0.3094,MODIS,0.3703,-0.0609,22.7,0,0.2768
Ramanagara,2013-02,2,0.2768,MODIS,0.3094,-0.0326,24,13.8,0.2985
Ramanagara,2013-03,3,0.2985,MODIS,0.2768,0.0217,27.3,6.2,0.3275
Ramanagara,2013-04,4,0.3275,MODIS,0.2985,0.029,28.3,16.2,0.3278
Ramanagara,2013-05,5,0.3278,MODIS,0.3275,0.0003,26.7,140.3,0.3
Ramanagara,2013-06,6,0.3,MODIS,0.3278,-0.0278,22.9,154.3,0.1804
Ramanagara,2013-07,7,0.1804,MODIS,0.3,-0.1196,22.4,141.7,0.319
Ramanagara,2013-08,8,0.319,MODIS,0.1804,0.1386,22.7,110.8,0.3872
Ramanagara,2013-09,9,0.3872,MODIS,0.319,0.0682,22.5,195,0.4173
Ramanagara,2013-10,10,0.4173,MODIS,0.3872,0.0301,22.6,82.6,0.4171
Ramanagara,2013-11,11,0.4171,MODIS,0.4173,-0.0002,22.4,21.4,0.374
Ramanagara,2013-12,12,0.374,MODIS,0.4171,-0.0431,21.2,6.4,0.3278
Ramanagara,2014-01,1,0.3278,MODIS,0.374,-0.0462,22,0.1,0.2998
Ramanagara,2014-02,2,0.2998,MODIS,0.3278,-0.028,23.8,1.7,0.323
Ramanagara,2014-03,3,0.323,MODIS,0.2998,0.0232,26.3,10.5,0.306
Ramanagara,2014-04,4,0.306,MODIS,0.323,-0.017,28.7,12.4,0.3437
Ramanagara,2014-05,5,0.3437,MODIS,0.306,0.0377,26.7,123.6,0.3067
Ramanagara,2014-06,6,0.3067,MODIS,0.3437,-0.037,25.5,68.8,0.2012
Ramanagara,2014-07,7,0.2012,MODIS,0.3067,-0.1055,23.4,118.2,0.3403
Ramanagara,2014-08,8,0.3403,MODIS,0.2012,0.1391,22.9,153.7,0.3858
Ramanagara,2014-09,9,0.3858,MODIS,0.3403,0.0455,23.3,140.3,0.4531
Ramanagara,2014-10,10,0.4531,MODIS,0.3858,0.0673,23,175,0.4077
Ramanagara,2014-11,11,0.4077,MODIS,0.4531,-0.0454,22,39.5,0.3542
Ramanagara,2014-12,12,0.3542,MODIS,0.4077,-0.0535,22.1,19.9,0.3344
Ramanagara,2015-01,1,0.3344,MODIS,0.3542,-0.0198,22.2,4.5,0.2734
Ramanagara,2015-02,2,0.2734,MODIS,0.3344,-0.061,23.8,0.6,0.2959
Ramanagara,2015-03,3,0.2959,MODIS,0.2734,0.0225,26.5,15.2,0.3228
Ramanagara,2015-04,4,0.3228,MODIS,0.2959,0.0269,26.5,87.9,0.4108
Ramanagara,2015-05,5,0.4108,MODIS,0.3228,0.088,25.8,159.1,0.3401
Ramanagara,2015-06,6,0.3401,MODIS,0.4108,-0.0707,24.1,123.3,0.3705
Ramanagara,2015-07,7,0.3705,MODIS,0.3401,0.0304,23.7,113.3,0.3832
Ramanagara,2015-08,8,0.3832,MODIS,0.3705,0.0127,23.5,123.5,0.4307
Ramanagara,2015-09,9,0.4307,MODIS,0.3832,0.0475,23.7,139.1,0.4322
Ramanagara,2015-10,10,0.4322,MODIS,0.4307,0.0015,23.8,48,0.4057
Ramanagara,2015-11,11,0.4057,MODIS,0.4322,-0.0265,21.7,316.2,0.3908
Ramanagara,2015-12,12,0.3908,MODIS,0.4057,-0.0149,21.5,44,0.3494
Ramanagara,2016-01,1,0.3494,MODIS,0.3908,-0.0414,21.7,3.4,0.2946
Ramanagara,2016-02,2,0.2946,MODIS,0.3494,-0.0548,24.7,0.1,0.2999
Ramanagara,2016-03,3,0.2999,MODIS,0.2946,0.0053,27.3,3,0.2967
Ramanagara,2016-04,4,0.2967,MODIS,0.2999,-0.0032,29.5,5.5,0.3422
Ramanagara,2016-05,5,0.3422,MODIS,0.2967,0.0455,26.9,94.5,0.2788
Ramanagara,2016-06,6,0.2788,MODIS,0.3422,-0.0634,23.5,245,0.3572
Ramanagara,2016-07,7,0.3572,MODIS,0.2788,0.0784,22.9,194.3,0.3139
Ramanagara,2016-08,8,0.3139,MODIS,0.3572,-0.0433,23.3,58.6,0.3377
Ramanagara,2016-09,9,0.3377,MODIS,0.3139,0.0238,23.2,52.3,0.1959
Ramanagara,2016-10,10,0.1959,Sentinel2,0.3377,-0.1418,24.1,18.8,0.1987
Ramanagara,2016-11,11,0.1987,Sentinel2,0.1959,0.0028,24.2,4.7,0.1888
Ramanagara,2016-12,12,0.1888,Sentinel2,0.1987,-0.0099,22,50.3,0.1747
Ramanagara,2017-01,1,0.1747,Sentinel2,0.1888,-0.0141,22.2,21.3,0.1651
Ramanagara,2017-02,2,0.1651,Sentinel2,0.1747,-0.0096,23.8,0.1,0.3279
Ramanagara,2017-03,3,0.3279,MODIS,0.1651,0.1628,27,21.2,0.1819
Ramanagara,2017-04,4,0.1819,Sentinel2,0.3279,-0.146,28.7,14.4,0.4201
Ramanagara,2017-05,5,0.4201,MODIS,0.1819,0.2382,26.5,176.7,0.3158
Ramanagara,2017-06,6,0.3158,MODIS,0.4201,-0.1043,23.9,81.1,0.2912
Ramanagara,2017-07,7,0.2912,MODIS,0.3158,-0.0246,23.9,69,0.3293
Ramanagara,2017-08,8,0.3293,MODIS,0.2912,0.0381,23.3,175.1,0.3442
Ramanagara,2017-09,9,0.3442,MODIS,0.3293,0.0149,23.3,216.7,0.4411
Ramanagara,2017-10,10,0.4411,MODIS,0.3442,0.0969,23.1,74.3,0.4064
Ramanagara,2017-11,11,0.4064,MODIS,0.4411,-0.0347,22.7,39,0.3801
Ramanagara,2017-12,12,0.3801,MODIS,0.4064,-0.0263,21.6,15.3,0.1662
Ramanagara,2018-01,1,0.1662,Sentinel2,0.3801,-0.2139,22.1,0.9,0.1799
Ramanagara,2018-02,2,0.1799,Sentinel2,0.1662,0.0137,23.1,17.3,0.1987
Ramanagara,2018-03,3,0.1987,Sentinel2,0.1799,0.0188,25.8,44.5,0.3506
Ramanagara,2018-04,4,0.3506,MODIS,0.1987,0.1519,27.8,19.8,0.4
Ramanagara,2018-05,5,0.4,MODIS,0.3506,0.0494,25.7,243.5,0.3841
Ramanagara,2018-06,6,0.3841,MODIS,0.4,-0.0159,23.5,141.4,0.1556
Ramanagara,2018-07,7,0.1556,MODIS,0.3841,-0.2285,23,104.9,0.3715
Ramanagara,2018-08,8,0.3715,MODIS,0.1556,0.2159,22.6,149.2,0.424
Ramanagara,2018-09,9,0.424,MODIS,0.3715,0.0525,23.5,84,0.2308
Ramanagara,2018-10,10,0.2308,Sentinel2,0.424,-0.1932,23,112.6,0.3892
Ramanagara,2018-11,11,0.3892,MODIS,0.2308,0.1584,22.6,52.3,0.2696
Ramanagara,2018-12,12,0.2696,Sentinel2,0.3892,-0.1196,22.7,8.2,0.2024
Ramanagara,2019-01,1,0.2024,Sentinel2,0.2696,-0.0672,21.6,4.7,0.1771
Ramanagara,2019-02,2,0.1771,Sentinel2,0.2024,-0.0253,24.7,6.2,0.1881
Ramanagara,2019-03,3,0.1881,Sentinel2,0.1771,0.011,27.7,0.2,0.2045
Ramanagara,2019-04,4,0.2045,Sentinel2,0.1881,0.0164,28.5,33.6,0.2378
Ramanagara,2019-05,5,0.2378,Sentinel2,0.2045,0.0333,27.4,106.6,0.311
Ramanagara,2019-06,6,0.311,MODIS,0.2378,0.0732,25,116.8,0.3251
Ramanagara,2019-07,7,0.3251,MODIS,0.311,0.0141,23.6,152.5,0.3452
Ramanagara,2019-08,8,0.3452,MODIS,0.3251,0.0201,23,140.5,0.3609
Ramanagara,2019-09,9,0.3609,MODIS,0.3452,0.0157,23.3,147.1,0.2178
Ramanagara,2019-10,10,0.2178,MODIS,0.3609,-0.1431,22.7,265.2,0.3598
Ramanagara,2019-11,11,0.3598,Sentinel2,0.2178,0.142,22.8,38.7,0.2663
Ramanagara,2019-12,12,0.2663,Sentinel2,0.3598,-0.0935,21.7,27.5,0.2233
Ramanagara,2020-01,1,0.2233,Sentinel2,0.2663,-0.043,23.1,1.7,0.2033
Ramanagara,2020-02,2,0.2033,Sentinel2,0.2233,-0.02,24,0.1,0.1765
Ramanagara,2020-03,3,0.1765,Sentinel2,0.2033,-0.0268,26.6,5.9,0.2299
Ramanagara,2020-04,4,0.2299,Sentinel2,0.1765,0.0534,27.6,36.6,0.1248
Ramanagara,2020-05,5,0.1248,Sentinel2,0.2299,-0.1051,28.3,53.4,0.2839
Ramanagara,2020-06,6,0.2839,MODIS,0.1248,0.1591,24.3,119.5,0.3217
Ramanagara,2020-07,7,0.3217,MODIS,0.2839,0.0378,23,286.8,0.4017
Ramanagara,2020-08,8,0.4017,MODIS,0.3217,0.08,23,148.6,0.3858
Ramanagara,2020-09,9,0.3858,MODIS,0.4017,-0.0159,22.6,221.1,0.4604
Ramanagara,2020-10,10,0.4604,MODIS,0.3858,0.0746,22.6,100.1,0.4041
Ramanagara,2020-11,11,0.4041,MODIS,0.4604,-0.0563,22.1,45.7,0.2459
Ramanagara,2020-12,12,0.2459,Sentinel2,0.4041,-0.1582,20.8,67.2,0.2265
Ramanagara,2021-01,1,0.2265,Sentinel2,0.2459,-0.0194,21.5,46.2,0.2179
Ramanagara,2021-02,2,0.2179,Sentinel2,0.2265,-0.0086,22.5,9.4,0.2119
Ramanagara,2021-03,3,0.2119,Sentinel2,0.2179,-0.006,26.1,0,0.2
Ramanagara,2021-04,4,0.2,Sentinel2,0.2119,-0.0119,26.6,88.2,0.3406
Ramanagara,2021-05,5,0.3406,Sentinel2,0.2,0.1406,25.5,88.4,0.3508
Ramanagara,2021-06,6,0.3508,Sentinel2,0.3406,0.0102,24.2,76.3,0.2135
Ramanagara,2021-07,7,0.2135,MODIS,0.3508,-0.1373,23.1,213.6,0.3808
Ramanagara,2021-08,8,0.3808,MODIS,0.2135,0.1673,23,126.1,0.2731
Ramanagara,2021-09,9,0.2731,MODIS,0.3808,-0.1077,23.2,98.7,0.3396
Ramanagara,2021-10,10,0.3396,MODIS,0.2731,0.0665,22.9,297.7,0.2294
Ramanagara,2021-11,11,0.2294,MODIS,0.3396,-0.1102,21.5,306.3,0.2284
Ramanagara,2021-12,12,0.2284,Sentinel2,0.2294,-0.001,21,13.4,0.2132
Ramanagara,2022-01,1,0.2132,Sentinel2,0.2284,-0.0152,21.9,3.3,0.1206
Ramanagara,2022-02,2,0.1206,Sentinel2,0.2132,-0.0926,23.2,0.2,0.1695
Ramanagara,2022-03,3,0.1695,Sentinel2,0.1206,0.0489,25.8,2.8,0.172
Ramanagara,2022-04,4,0.172,Sentinel2,0.1695,0.0025,26.9,30.5,0.2032
Ramanagara,2022-05,5,0.2032,Sentinel2,0.172,0.0312,24.9,167.2,0.3222
Ramanagara,2022-06,6,0.3222,MODIS,0.2032,0.119,23.9,139.2,0.2401
Ramanagara,2022-07,7,0.2401,MODIS,0.3222,-0.0821,22.7,277.8,0.2284
Ramanagara,2022-08,8,0.2284,Sentinel2,0.2401,-0.0117,22.8,178.8,0.2873
Ramanagara,2022-09,9,0.2873,MODIS,0.2284,0.0589,22.9,107.2,0.2213
Ramanagara,2022-10,10,0.2213,Sentinel2,0.2873,-0.066,22.1,148.6,0.4064
Ramanagara,2022-11,11,0.4064,MODIS,0.2213,0.1851,21.3,49.3,0.1889
Ramanagara,2022-12,12,0.1889,Sentinel2,0.4064,-0.2175,20.9,83.7,0.1713
Ramanagara,2023-01,1,0.1713,Sentinel2,0.1889,-0.0176,20.7,0.3,0.1618
Ramanagara,2023-02,2,0.1618,Sentinel2,0.1713,-0.0095,23.2,0,0.1608
Ramanagara,2023-03,3,0.1608,Sentinel2,0.1618,-0.001,25.3,14.3,0.1738
Ramanagara,2023-04,4,0.1738,Sentinel2,0.1608,0.013,27.4,32.2,0.2363
Ramanagara,2023-05,5,0.2363,Sentinel2,0.1738,0.0625,25.8,138.4,0.3212
Ramanagara,2023-06,6,0.3212,MODIS,0.2363,0.0849,25.1,81.9,0.2811
Ramanagara,2023-07,7,0.2811,MODIS,0.3212,-0.0401,23.1,178.5,0.2157
Ramanagara,2023-08,8,0.2157,Sentinel2,0.2811,-0.0654,24.6,26,0.3907
Ramanagara,2023-09,9,0.3907,MODIS,0.2157,0.175,24.1,75.2,0.2366
Ramanagara,2023-10,10,0.2366,Sentinel2,0.3907,-0.1541,24.3,87.9,0.2246
Ramanagara,2023-11,11,0.2246,Sentinel2,0.2366,-0.012,23,136.5,0.3696
Ramanagara,2023-12,12,0.3696,MODIS,0.2246,0.145,22.7,15.6,0.1809
Ramanagara,2024-01,1,0.1809,Sentinel2,0.3696,-0.1887,22.8,24.2,0.158
Ramanagara,2024-02,2,0.158,Sentinel2,0.1809,-0.0229,25.2,0.2,0.1552
Ramanagara,2024-03,3,0.1552,Sentinel2,0.158,-0.0028,27.8,0.3,0.1559
Ramanagara,2024-04,4,0.1559,Sentinel2,0.1552,0.0007,30,1,0.1484
Ramanagara,2024-05,5,0.1484,Sentinel2,0.1559,-0.0075,26.9,151.3,0.1356
Ramanagara,2024-06,6,0.1356,Sentinel2,0.1484,-0.0128,24.3,149.6,0.2237
Ramanagara,2024-07,7,0.2237,MODIS,0.1356,0.0881,23.3,188.8,0.35
Ramanagara,2024-08,8,0.35,MODIS,0.2237,0.1263,23.5,279.2,0.2216
Ramanagara,2024-09,9,0.2216,Sentinel2,0.35,-0.1284,23.7,36.2,0.4438
Ramanagara,2024-10,10,0.4438,MODIS,0.2216,0.2222,23.1,281.7,0.1674
Ramanagara,2024-11,11,0.1674,Sentinel2,0.4438,-0.2764,22.2,43.4,0.2091
Ramanagara,2024-12,12,0.2091,Sentinel2,0.1674,0.0417,21.7,72.6,0.1764
Ramanagara,2025-01,1,0.1764,Sentinel2,0.2091,-0.0327,21,4.6,0.1647
Ramanagara,2025-02,2,0.1647,Sentinel2,0.1764,-0.0117,23.8,0.1,0.166
Ramanagara,2025-03,3,0.166,Sentinel2,0.1647,0.0013,26.2,18.8,0.2028
Ramanagara,2025-04,4,0.2028,Sentinel2,0.166,0.0368,26.1,80.7,0.2163
Ramanagara,2025-05,5,0.2163,Sentinel2,0.2028,0.0135,25.2,162.5,0.1487
Ramanagara,2025-06,6,0.1487,Sentinel2,0.2163,-0.0676,23.7,113.8,0.1823
Ramanagara,2025-07,7,0.1823,MODIS,0.1487,0.0336,23,143.2,0.3414
Ramanagara,2025-08,8,0.3414,MODIS,0.1823,0.1591,22.6,171.3,0.3815
Ramanagara,2025-09,9,0.3815,MODIS,0.3414,0.0401,22.9,64,0.3843
Ramanagara,2025-10,10,0.3843,MODIS,0.3815,0.0028,22.7,152.9,0.2024
Ramanagara,2025-11,11,0.2024,Sentinel2,0.3843,-0.1819,21.7,30.4,0.1822
Shivamogga,2010-01,1,0.3471,MODIS,,,22.8,18,0.3004
Shivamogga,2010-02,2,0.3004,MODIS,0.3471,-0.0467,25.7,0.8,0.3116
Shivamogga,2010-03,3,0.3116,MODIS,0.3004,0.0112,28,1.2,0.3217
Shivamogga,2010-04,4,0.3217,MODIS,0.3116,0.0101,28.5,36.6,0.3262
Shivamogga,2010-05,5,0.3262,MODIS,0.3217,0.0045,27.6,30.9,0.2559
Shivamogga,2010-06,6,0.2559,MODIS,0.3262,-0.0703,24.7,153.5,0.281
Shivamogga,2010-07,7,0.281,MODIS,0.2559,0.0251,22.6,366.8,0.2476
Shivamogga,2010-08,8,0.2476,MODIS,0.281,-0.0334,23,201.7,0.349
Shivamogga,2010-09,9,0.349,MODIS,0.2476,0.1014,23.4,110.1,0.3831
Shivamogga,2010-10,10,0.3831,MODIS,0.349,0.0341,23.3,90.7,0.4049
Shivamogga,2010-11,11,0.4049,MODIS,0.3831,0.0218,22.7,178.2,0.3514
Shivamogga,2010-12,12,0.3514,MODIS,0.4049,-0.0535,21.8,4.5,0.3027
Shivamogga,2011-01,1,0.3027,MODIS,0.3514,-0.0487,22.4,0.2,0.2693
Shivamogga,2011-02,2,0.2693,MODIS,0.3027,-0.0334,23.4,3.2,0.2756
Shivamogga,2011-03,3,0.2756,MODIS,0.2693,0.0063,27,0.3,0.3174
Shivamogga,2011-04,4,0.3174,MODIS,0.2756,0.0418,26.7,57.2,0.3059
Shivamogga,2011-05,5,0.3059,MODIS,0.3174,-0.0115,26.5,60.4,0.2817
Shivamogga,2011-06,6,0.2817,MODIS,0.3059,-0.0242,23.2,190,0.2433
Shivamogga,2011-07,7,0.2433,MODIS,0.2817,-0.0384,22.5,296.9,0.2416
Shivamogga,2011-08,8,0.2416,MODIS,0.2433,-0.0017,22.5,347.3,0.4015
Shivamogga,2011-09,9,0.4015,MODIS,0.2416,0.1599,23,83.8,0.4751
Shivamogga,2011-10,10,0.4751,MODIS,0.4015,0.0736,24,103.4,0.3652
Shivamogga,2011-11,11,0.3652,MODIS,0.4751,-0.1099,23.2,47.6,0.3305
Shivamogga,2011-12,12,0.3305,MODIS,0.3652,-0.0347,23.4,0.7,0.2993
Shivamogga,2012-01,1,0.2993,MODIS,0.3305,-0.0312,23.6,0.1,0.283
Shivamogga,2012-02,2,0.283,MODIS,0.2993,-0.0163,26,0,0.2737
Shivamogga,2012-03,3,0.2737,MODIS,0.283,-0.0093,27.4,0.7,0.3244
Shivamogga,2012-04,4,0.3244,MODIS,0.2737,0.0507,27.2,62.2,0.3405
Shivamogga,2012-05,5,0.3405,MODIS,0.3244,0.0161,26.2,28.2,0.1919
Shivamogga,2012-06,6,0.1919,MODIS,0.3405,-0.1486,23.9,144.3,0.2649
Shivamogga,2012-07,7,0.2649,MODIS,0.1919,0.073,22.8,139.7,0.2515
Shivamogga,2012-08,8,0.2515,MODIS,0.2649,-0.0134,22.4,255.2,0.3803
Shivamogga,2012-09,9,0.3803,MODIS,0.2515,0.1288,23,116,0.382
Shivamogga,2012-10,10,0.382,MODIS,0.3803,0.0017,23.9,67.3,0.3688
Shivamogga,2012-11,11,0.3688,MODIS,0.382,-0.0132,22.7,96.2,0.3317
Shivamogga,2012-12,12,0.3317,MODIS,0.3688,-0.0371,23,23.2,0.2882
Shivamogga,2013-01,1,0.2882,MODIS,0.3317,-0.0435,23.8,0.1,0.3115
Shivamogga,2013-02,2,0.3115,MODIS,0.2882,0.0233,25.3,7.5,0.3277
Shivamogga,2013-03,3,0.3277,MODIS,0.3115,0.0162,27.4,5.3,0.3043
Shivamogga,2013-04,4,0.3043,MODIS,0.3277,-0.0234,27.8,16.6,0.2733
Shivamogga,2013-05,5,0.2733,MODIS,0.3043,-0.031,26.9,87,0.2961
Shivamogga,2013-06,6,0.2961,MODIS,0.2733,0.0228,22.7,199.7,0.2587
Shivamogga,2013-07,7,0.2587,MODIS,0.2961,-0.0374,21.9,316.9,0.2882
Shivamogga,2013-08,8,0.2882,MODIS,0.2587,0.0295,22.6,131.6,0.3771
Shivamogga,2013-09,9,0.3771,MODIS,0.2882,0.0889,22.8,189.5,0.4251
Shivamogga,2013-10,10,0.4251,MODIS,0.3771,0.048,23.2,103.2,0.3512
Shivamogga,2013-11,11,0.3512,MODIS,0.4251,-0.0739,23.5,5.8,0.2937
Shivamogga,2013-12,12,0.2937,MODIS,0.3512,-0.0575,22.6,1.4,0.2805
Shivamogga,2014-01,1,0.2805,MODIS,0.2937,-0.0132,23.7,0.5,0.2725
Shivamogga,2014-02,2,0.2725,MODIS,0.2805,-0.008,24.6,6,0.3037
Shivamogga,2014-03,3,0.3037,MODIS,0.2725,0.0312,27.2,2.9,0.3235
Shivamogga,2014-04,4,0.3235,MODIS,0.3037,0.0198,27.9,28.8,0.3432
Shivamogga,2014-05,5,0.3432,MODIS,0.3235,0.0197,26.3,116.4,0.3295
Shivamogga,2014-06,6,0.3295,MODIS,0.3432,-0.0137,24.9,64.8,0.2169
Shivamogga,2014-07,7,0.2169,MODIS,0.3295,-0.1126,22.5,282.8,0.3043
Shivamogga,2014-08,8,0.3043,MODIS,0.2169,0.0874,22.7,196.8,0.4247
Shivamogga,2014-09,9,0.4247,MODIS,0.3043,0.1204,23.2,130.5,0.4039
Shivamogga,2014-10,10,0.4039,MODIS,0.4247,-0.0208,23.7,121.5,0.3917
Shivamogga,2014-11,11,0.3917,MODIS,0.4039,-0.0122,23.1,15.2,0.3414
Shivamogga,2014-12,12,0.3414,MODIS,0.3917,-0.0503,23,19.7,0.3145
Shivamogga,2015-01,1,0.3145,MODIS,0.3414,-0.0269,22.7,1.7,0.2797
Shivamogga,2015-02,2,0.2797,MODIS,0.3145,-0.0348,24.5,0,0.33
Shivamogga,2015-03,3,0.33,MODIS,0.2797,0.0503,26.5,23.6,0.3321
Shivamogga,2015-04,4,0.3321,MODIS,0.33,0.0021,27.1,26.6,0.379
Shivamogga,2015-05,5,0.379,MODIS,0.3321,0.0469,26.5,101,0.3491
Shivamogga,2015-06,6,0.3491,MODIS,0.379,-0.0299,23.7,207.5,0.3601
Shivamogga,2015-07,7,0.3601,MODIS,0.3491,0.011,23.2,127.6,0.3529
Shivamogga,2015-08,8,0.3529,MODIS,0.3601,-0.0072,23.3,117,0.4133
Shivamogga,2015-09,9,0.4133,MODIS,0.3529,0.0604,23.7,89.5,0.4078
Shivamogga,2015-10,10,0.4078,MODIS,0.4133,-0.0055,24.4,80.7,0.3861
Shivamogga,2015-11,11,0.3861,MODIS,0.4078,-0.0217,22.9,113.5,0.1852
Shivamogga,2015-12,12,0.1852,Sentinel2,0.3861,-0.2009,23.8,1.1,0.1735
Shivamogga,2016-01,1,0.1735,Sentinel2,0.1852,-0.0117,23.7,2.3,0.1527
Shivamogga,2016-02,2,0.1527,Sentinel2,0.1735,-0.0208,26,0.2,0.1548
Shivamogga,2016-03,3,0.1548,Sentinel2,0.1527,0.0021,28.1,1.5,0.1675
Shivamogga,2016-04,4,0.1675,Sentinel2,0.1548,0.0127,29,1.6,0.3608
Shivamogga,2016-05,5,0.3608,MODIS,0.1675,0.1933,27.3,81.2,0.2621
Shivamogga,2016-06,6,0.2621,MODIS,0.3608,-0.0987,23.4,358.6,0.2287
Shivamogga,2016-07,7,0.2287,MODIS,0.2621,-0.0334,22.7,226.8,0.2629
Shivamogga,2016-08,8,0.2629,MODIS,0.2287,0.0342,22.9,99.8,0.3935
Shivamogga,2016-09,9,0.3935,MODIS,0.2629,0.1306,22.8,78.3,0.1782
Shivamogga,2016-10,10,0.1782,Sentinel2,0.3935,-0.2153,23.5,31.5,0.187
Shivamogga,2016-11,11,0.187,Sentinel2,0.1782,0.0088,24.2,7.9,0.1746
Shivamogga,2016-12,12,0.1746,Sentinel2,0.187,-0.0124,23.8,19.4,0.1585
Shivamogga,2017-01,1,0.1585,Sentinel2,0.1746,-0.0161,24.2,1.7,0.1544
Shivamogga,2017-02,2,0.1544,Sentinel2,0.1585,-0.0041,25.8,0.1,0.1478
Shivamogga,2017-03,3,0.1478,Sentinel2,0.1544,-0.0066,27.3,2.5,0.3227
Shivamogga,2017-04,4,0.3227,MODIS,0.1478,0.1749,28.2,6.6,0.3529
Shivamogga,2017-05,5,0.3529,MODIS,0.3227,0.0302,27.3,57,0.2386
Shivamogga,2017-06,6,0.2386,MODIS,0.3529,-0.1143,23.7,180.3,0.2154
Shivamogga,2017-07,7,0.2154,MODIS,0.2386,-0.0232,23.1,110.2,0.3214
Shivamogga,2017-08,8,0.3214,MODIS,0.2154,0.106,23,178.2,0.4169
Shivamogga,2017-09,9,0.4169,MODIS,0.3214,0.0955,23.6,255.6,0.4244
Shivamogga,2017-10,10,0.4244,MODIS,0.4169,0.0075,23.7,85.4,0.3917
Shivamogga,2017-11,11,0.3917,MODIS,0.4244,-0.0327,24.1,9,0.1731
Shivamogga,2017-12,12,0.1731,Sentinel2,0.3917,-0.2186,23.3,4.3,0.1552
Shivamogga,2018-01,1,0.1552,Sentinel2,0.1731,-0.0179,23.3,0,0.2833
Shivamogga,2018-02,2,0.2833,MODIS,0.1552,0.1281,24.8,2.5,0.164
Shivamogga,2018-03,3,0.164,Sentinel2,0.2833,-0.1193,26.7,19,0.1763
Shivamogga,2018-04,4,0.1763,Sentinel2,0.164,0.0123,27.9,42.1,0.322
Shivamogga,2018-05,5,0.322,MODIS,0.1763,0.1457,26.9,98.1,0.3166
Shivamogga,2018-06,6,0.3166,MODIS,0.322,-0.0054,23.4,222.5,0.2358
Shivamogga,2018-07,7,0.2358,MODIS,0.3166,-0.0808,22.7,145.7,0.328
Shivamogga,2018-08,8,0.328,MODIS,0.2358,0.0922,22.4,195.5,0.4162
Shivamogga,2018-09,9,0.4162,MODIS,0.328,0.0882,23.5,75.9,0.4078
Shivamogga,2018-10,10,0.4078,MODIS,0.4162,-0.0084,24.3,63.5,0.1844
Shivamogga,2018-11,11,0.1844,Sentinel2,0.4078,-0.2234,24.6,21.1,0.2187
Shivamogga,2018-12,12,0.2187,Sentinel2,0.1844,0.0343,24.4,4.3,0.1944
Shivamogga,2019-01,1,0.1944,Sentinel2,0.2187,-0.0243,23.1,1.1,0.1843
Shivamogga,2019-02,2,0.1843,Sentinel2,0.1944,-0.0101,25.9,2.5,0.1735
Shivamogga,2019-03,3,0.1735,Sentinel2,0.1843,-0.0108,27.6,1.7,0.171
Shivamogga,2019-04,4,0.171,Sentinel2,0.1735,-0.0025,28.5,19.8,0.207
Shivamogga,2019-05,5,0.207,Sentinel2,0.171,0.036,27.9,14.4,0.3358
Shivamogga,2019-06,6,0.3358,MODIS,0.207,0.1288,25.1,117,0.4392
Shivamogga,2019-07,7,0.4392,MODIS,0.3358,0.1034,23,187.3,0.29
Shivamogga,2019-08,8,0.29,MODIS,0.4392,-0.1492,22.7,236.8,0.3944
Shivamogga,2019-09,9,0.3944,MODIS,0.29,0.1044,23.2,146.7,0.3446
Shivamogga,2019-10,10,0.3446,Sentinel2,0.3944,-0.0498,23.2,339.1,0.2793
Shivamogga,2019-11,11,0.2793,Sentinel2,0.3446,-0.0653,23.6,39,0.2182
Shivamogga,2019-12,12,0.2182,Sentinel2,0.2793,-0.0611,23.5,18.4,0.2339
Shivamogga,2020-01,1,0.2339,Sentinel2,0.2182,0.0157,24.4,0.8,0.1912
Shivamogga,2020-02,2,0.1912,Sentinel2,0.2339,-0.0427,25.5,0.1,0.2117
Shivamogga,2020-03,3,0.2117,Sentinel2,0.1912,0.0205,27.1,5.4,0.2657
Shivamogga,2020-04,4,0.2657,Sentinel2,0.2117,0.054,27.7,39.1,0.2951
Shivamogga,2020-05,5,0.2951,Sentinel2,0.2657,0.0294,27.3,80.8,0.4079
Shivamogga,2020-06,6,0.4079,MODIS,0.2951,0.1128,24.1,182.6,0.3219
Shivamogga,2020-07,7,0.3219,MODIS,0.4079,-0.086,23.1,323.1,0.3022
Shivamogga,2020-08,8,0.3022,MODIS,0.3219,-0.0197,22.9,232.5,0.3112
Shivamogga,2020-09,9,0.3112,MODIS,0.3022,0.009,23.2,234.7,0.3631
Shivamogga,2020-10,10,0.3631,Sentinel2,0.3112,0.0519,23.1,94.6,0.3999
Shivamogga,2020-11,11,0.3999,MODIS,0.3631,0.0368,23.6,6.3,0.2795
Shivamogga,2020-12,12,0.2795,Sentinel2,0.3999,-0.1204,23.6,4.4,0.2577
Shivamogga,2021-01,1,0.2577,Sentinel2,0.2795,-0.0218,23.6,42.6,0.2288
Shivamogga,2021-02,2,0.2288,Sentinel2,0.2577,-0.0289,23.6,24.8,0.2234
Shivamogga,2021-03,3,0.2234,Sentinel2,0.2288,-0.0054,26.9,1.3,0.2689
Shivamogga,2021-04,4,0.2689,Sentinel2,0.2234,0.0455,27.3,42.1,0.1974
Shivamogga,2021-05,5,0.1974,Sentinel2,0.2689,-0.0715,25.4,146.9,0.3303
Shivamogga,2021-06,6,0.3303,MODIS,0.1974,0.1329,23.4,214.1,0.36
Shivamogga,2021-07,7,0.36,MODIS,0.3303,0.0297,22.7,449.6,0.2794
Shivamogga,2021-08,8,0.2794,MODIS,0.36,-0.0806,23,110.1,0.3548
Shivamogga,2021-09,9,0.3548,Sentinel2,0.2794,0.0754,23,116.3,0.3389
Shivamogga,2021-10,10,0.3389,Sentinel2,0.3548,-0.0159,23.7,232.4,0.4228
Shivamogga,2021-11,11,0.4228,MODIS,0.3389,0.0839,22.6,213.4,0.2293
Shivamogga,2021-12,12,0.2293,Sentinel2,0.4228,-0.1935,22.2,7.4,0.2347
Shivamogga,2022-01,1,0.2347,Sentinel2,0.2293,0.0054,23.1,1.3,0.151
Shivamogga,2022-02,2,0.151,Sentinel2,0.2347,-0.0837,24.8,0,0.1625
Shivamogga,2022-03,3,0.1625,Sentinel2,0.151,0.0115,27.1,4.8,0.1971
Shivamogga,2022-04,4,0.1971,Sentinel2,0.1625,0.0346,28.2,23.3,0.3594
Shivamogga,2022-05,5,0.3594,MODIS,0.1971,0.1623,25.4,259.4,0.2294
Shivamogga,2022-06,6,0.2294,Sentinel2,0.3594,-0.13,23.8,158.1,0.2022
Shivamogga,2022-07,7,0.2022,MODIS,0.2294,-0.0272,22.7,326,0.2808
Shivamogga,2022-08,8,0.2808,MODIS,0.2022,0.0786,22.8,225.9,0.3973
Shivamogga,2022-09,9,0.3973,MODIS,0.2808,0.1165,23.1,117.4,0.2247
Shivamogga,2022-10,10,0.2247,Sentinel2,0.3973,-0.1726,23,107.4,0.2027
Shivamogga,2022-11,11,0.2027,Sentinel2,0.2247,-0.022,23.1,21.2,0.1874
Shivamogga,2022-12,12,0.1874,Sentinel2,0.2027,-0.0153,23,37.4,0.1681
Shivamogga,2023-01,1,0.1681,Sentinel2,0.1874,-0.0193,23.3,0.8,0.1585
Shivamogga,2023-02,2,0.1585,Sentinel2,0.1681,-0.0096,25.3,0.1,0.1721
Shivamogga,2023-03,3,0.1721,Sentinel2,0.1585,0.0136,26.7,2.5,0.1722
Shivamogga,2023-04,4,0.1722,Sentinel2,0.1721,0.0001,28.1,19.8,0.1918
Shivamogga,2023-05,5,0.1918,Sentinel2,0.1722,0.0196,27.1,63.9,0.2145
Shivamogga,2023-06,6,0.2145,MODIS,0.1918,0.0227,25.5,89,0.1489
Shivamogga,2023-07,7,0.1489,MODIS,0.2145,-0.0656,22.6,353.2,0.255
Shivamogga,2023-08,8,0.255,MODIS,0.1489,0.1061,23.7,50.1,0.3507
Shivamogga,2023-09,9,0.3507,MODIS,0.255,0.0957,23.8,80.6,0.173
Shivamogga,2023-10,10,0.173,Sentinel2,0.3507,-0.1777,24.8,61.9,0.0895
Shivamogga,2023-11,11,0.0895,Sentinel2,0.173,-0.0835,24.9,56,0.1935
Shivamogga,2023-12,12,0.1935,Sentinel2,0.0895,0.104,24.8,4.1,0.162
Shivamogga,2024-01,1,0.162,Sentinel2,0.1935,-0.0315,24.7,14.5,0.1542
Shivamogga,2024-02,2,0.1542,Sentinel2,0.162,-0.0078,26.3,0,0.1669
Shivamogga,2024-03,3,0.1669,Sentinel2,0.1542,0.0127,28.2,0.2,0.1727
Shivamogga,2024-04,4,0.1727,Sentinel2,0.1669,0.0058,29.4,20.2,0.1811
Shivamogga,2024-05,5,0.1811,Sentinel2,0.1727,0.0084,27.2,165.8,0.3339
Shivamogga,2024-06,6,0.3339,MODIS,0.1811,0.1528,23.8,296.7,0.1208
Shivamogga,2024-07,7,0.1208,MODIS,0.3339,-0.2131,22.8,438.9,0.3458
Shivamogga,2024-08,8,0.3458,MODIS,0.1208,0.225,23.7,171.4,0.4332
Shivamogga,2024-09,9,0.4332,MODIS,0.3458,0.0874,23.5,95.1,0.1783
Shivamogga,2024-10,10,0.1783,Sentinel2,0.4332,-0.2549,23.8,198.9,0.2166
Shivamogga,2024-11,11,0.2166,Sentinel2,0.1783,0.0383,22.7,7.2,0.1863
Shivamogga,2024-12,12,0.1863,Sentinel2,0.2166,-0.0303,22.6,39.8,0.1579
Shivamogga,2025-01,1,0.1579,Sentinel2,0.1863,-0.0284,22.8,0.7,0.1541
Shivamogga,2025-02,2,0.1541,Sentinel2,0.1579,-0.0038,25.5,0.1,0.1676
Shivamogga,2025-03,3,0.1676,Sentinel2,0.1541,0.0135,27.5,2.7,0.2071
Shivamogga,2025-04,4,0.2071,Sentinel2,0.1676,0.0395,27.8,21.4,0.2077
Shivamogga,2025-05,5,0.2077,Sentinel2,0.2071,0.0006,25.4,233.2,0.3365
Shivamogga,2025-06,6,0.3365,MODIS,0.2077,0.1288,23.5,293.4,0.1018
Shivamogga,2025-07,7,0.1018,MODIS,0.3365,-0.2347,22.5,275,0.3357
Shivamogga,2025-08,8,0.3357,MODIS,0.1018,0.2339,22.5,197.4,0.3517
Shivamogga,2025-09,9,0.3517,MODIS,0.3357,0.016,22.9,63.1,0.2171
Shivamogga,2025-10,10,0.2171,Sentinel2,0.3517,-0.1346,23.5,128.7,0.2063
Shivamogga,2025-11,11,0.2063,Sentinel2,0.2171,-0.0108,22.9,3.6,0.1658
Davanagere,2010-01,1,0.3138,MODIS,,,23.1,8.5,0.2934
Davanagere,2010-02,2,0.2934,MODIS,0.3138,-0.0204,26,0.2,0.3041
Davanagere,2010-03,3,0.3041,MODIS,0.2934,0.0107,28.4,0.1,0.3143
Davanagere,2010-04,4,0.3143,MODIS,0.3041,0.0102,29.3,33.6,0.3205
Davanagere,2010-05,5,0.3205,MODIS,0.3143,0.0062,28.7,20.9,0.2955
Davanagere,2010-06,6,0.2955,MODIS,0.3205,-0.025,25.6,124.5,0.3288
Davanagere,2010-07,7,0.3288,MODIS,0.2955,0.0333,23.1,272.9,0.2926
Davanagere,2010-08,8,0.2926,MODIS,0.3288,-0.0362,23.4,180.9,0.3855
Davanagere,2010-09,9,0.3855,MODIS,0.2926,0.0929,23.8,109.5,0.3016
Davanagere,2010-10,10,0.3016,MODIS,0.3855,-0.0839,23.6,102.8,0.3601
Davanagere,2010-11,11,0.3601,MODIS,0.3016,0.0585,23,147.5,0.3229
Davanagere,2010-12,12,0.3229,MODIS,0.3601,-0.0372,21.9,2.9,0.2833
Davanagere,2011-01,1,0.2833,MODIS,0.3229,-0.0396,22.5,0.4,0.2629
Davanagere,2011-02,2,0.2629,MODIS,0.2833,-0.0204,23.8,1.8,0.2956
Davanagere,2011-03,3,0.2956,MODIS,0.2629,0.0327,27.6,0.3,0.3243
Davanagere,2011-04,4,0.3243,MODIS,0.2956,0.0287,27.5,65.2,0.2951
Davanagere,2011-05,5,0.2951,MODIS,0.3243,-0.0292,27.7,46.7,0.2753
Davanagere,2011-06,6,0.2753,MODIS,0.2951,-0.0198,23.9,125.8,0.286
Davanagere,2011-07,7,0.286,MODIS,0.2753,0.0107,23.1,217,0.2181
Davanagere,2011-08,8,0.2181,MODIS,0.286,-0.0679,22.8,242.9,0.3566
Davanagere,2011-09,9,0.3566,MODIS,0.2181,0.1385,23.3,58.1,0.3994
Davanagere,2011-10,10,0.3994,MODIS,0.3566,0.0428,24.2,101.6,0.3501
Davanagere,2011-11,11,0.3501,MODIS,0.3994,-0.0493,23.3,34.1,0.2883
Davanagere,2011-12,12,0.2883,MODIS,0.3501,-0.0618,23,0.9,0.2568
Davanagere,2012-01,1,0.2568,MODIS,0.2883,-0.0315,23.3,0.1,0.2601
Davanagere,2012-02,2,0.2601,MODIS,0.2568,0.0033,26,0.1,0.2768
Davanagere,2012-03,3,0.2768,MODIS,0.2601,0.0167,27.8,0.2,0.3188
Davanagere,2012-04,4,0.3188,MODIS,0.2768,0.042,28.2,49,0.311
Davanagere,2012-05,5,0.311,MODIS,0.3188,-0.0078,27.3,47.5,0.2558
Davanagere,2012-06,6,0.2558,MODIS,0.311,-0.0552,24.9,87.7,0.1405
Davanagere,2012-07,7,0.1405,MODIS,0.2558,-0.1153,23.5,130.4,0.2951
Davanagere,2012-08,8,0.2951,MODIS,0.1405,0.1546,23,140.7,0.3408
Davanagere,2012-09,9,0.3408,MODIS,0.2951,0.0457,23.4,121.1,0.337
Davanagere,2012-10,10,0.337,MODIS,0.3408,-0.0038,24.4,69.1,0.3189
Davanagere,2012-11,11,0.3189,MODIS,0.337,-0.0181,23.4,63.4,0.3079
Davanagere,2012-12,12,0.3079,MODIS,0.3189,-0.011,23.8,7.9,0.2583
Davanagere,2013-01,1,0.2583,MODIS,0.3079,-0.0496,24.6,0,0.2617
Davanagere,2013-02,2,0.2617,MODIS,0.2583,0.0034,25.8,7.2,0.2936
Davanagere,2013-03,3,0.2936,MODIS,0.2617,0.0319,28.3,1.5,0.2982
Davanagere,2013-04,4,0.2982,MODIS,0.2936,0.0046,28.8,23.7,0.3049
Davanagere,2013-05,5,0.3049,MODIS,0.2982,0.0067,27.9,60.7,0.3277
Davanagere,2013-06,6,0.3277,MODIS,0.3049,0.0228,23.4,152,0.1629
Davanagere,2013-07,7,0.1629,MODIS,0.3277,-0.1648,22.3,252.5,0.3371
Davanagere,2013-08,8,0.3371,MODIS,0.1629,0.1742,22.9,110.1,0.3317
Davanagere,2013-09,9,0.3317,MODIS,0.3371,-0.0054,23.1,142.9,0.4024
Davanagere,2013-10,10,0.4024,MODIS,0.3317,0.0707,23.4,103.1,0.344
Davanagere,2013-11,11,0.344,MODIS,0.4024,-0.0584,23.3,5,0.3098
Davanagere,2013-12,12,0.3098,MODIS,0.344,-0.0342,22.3,0.4,0.2689
Davanagere,2014-01,1,0.2689,MODIS,0.3098,-0.0409,23.7,0.1,0.2603
Davanagere,2014-02,2,0.2603,MODIS,0.2689,-0.0086,24.8,6.2,0.3045
Davanagere,2014-03,3,0.3045,MODIS,0.2603,0.0442,27.8,3.2,0.333
Davanagere,2014-04,4,0.333,MODIS,0.3045,0.0285,28.9,26.9,0.3339
Davanagere,2014-05,5,0.3339,MODIS,0.333,0.0009,27.1,120,0.2468
Davanagere,2014-06,6,0.2468,MODIS,0.3339,-0.0871,25.8,59.3,0.3035
Davanagere,2014-07,7,0.3035,MODIS,0.2468,0.0567,23.1,211.2,0.2718
Davanagere,2014-08,8,0.2718,MODIS,0.3035,-0.0317,23.2,182.4,0.409
Davanagere,2014-09,9,0.409,MODIS,0.2718,0.1372,23.6,102.5,0.3686
Davanagere,2014-10,10,0.3686,MODIS,0.409,-0.0404,24.2,100.3,0.3522
Davanagere,2014-11,11,0.3522,MODIS,0.3686,-0.0164,23.3,29.2,0.299
Davanagere,2014-12,12,0.299,MODIS,0.3522,-0.0532,22.8,16.2,0.2745
Davanagere,2015-01,1,0.2745,MODIS,0.299,-0.0245,23,1.8,0.2539
Davanagere,2015-02,2,0.2539,MODIS,0.2745,-0.0206,24.7,0,0.3131
Davanagere,2015-03,3,0.3131,MODIS,0.2539,0.0592,27.3,14.3,0.3003
Davanagere,2015-04,4,0.3003,MODIS,0.3131,-0.0128,28,32.2,0.3044
Davanagere,2015-05,5,0.3044,MODIS,0.3003,0.0041,27.9,62.1,0.2048
Davanagere,2015-06,6,0.2048,MODIS,0.3044,-0.0996,24.6,161.5,0.3165
Davanagere,2015-07,7,0.3165,MODIS,0.2048,0.1117,24,81.2,0.3023
Davanagere,2015-08,8,0.3023,MODIS,0.3165,-0.0142,24,107.4,0.3862
Davanagere,2015-09,9,0.3862,MODIS,0.3023,0.0839,24.2,80.3,0.3513
Davanagere,2015-10,10,0.3513,MODIS,0.3862,-0.0349,24.9,125.1,0.3148
Davanagere,2015-11,11,0.3148,MODIS,0.3513,-0.0365,23.3,75,0.1703
Davanagere,2015-12,12,0.1703,Sentinel2,0.3148,-0.1445,24.1,1.2,0.1633
Davanagere,2016-01,1,0.1633,Sentinel2,0.1703,-0.007,24,5.4,0.141
Davanagere,2016-02,2,0.141,Sentinel2,0.1633,-0.0223,27.1,0.1,0.1505
Davanagere,2016-03,3,0.1505,Sentinel2,0.141,0.0095,29.4,1.1,0.1446
Davanagere,2016-04,4,0.1446,Sentinel2,0.1505,-0.0059,30.3,0.6,0.1406
Davanagere,2016-05,5,0.1406,Sentinel2,0.1446,-0.004,28.4,75.9,0.2069
Davanagere,2016-06,6,0.2069,MODIS,0.1406,0.0663,23.9,304.7,0.1839
Davanagere,2016-07,7,0.1839,MODIS,0.2069,-0.023,23.2,173.9,0.3205
Davanagere,2016-08,8,0.3205,MODIS,0.1839,0.1366,23.4,66.2,0.3742
Davanagere,2016-09,9,0.3742,MODIS,0.3205,0.0537,23.2,102.9,0.1645
Davanagere,2016-10,10,0.1645,Sentinel2,0.3742,-0.2097,24,18.6,0.1851
Davanagere,2016-11,11,0.1851,Sentinel2,0.1645,0.0206,24.7,8.5,0.1598
Davanagere,2016-12,12,0.1598,Sentinel2,0.1851,-0.0253,23.8,15,0.1415
Davanagere,2017-01,1,0.1415,Sentinel2,0.1598,-0.0183,24.4,0.4,0.1348
Davanagere,2017-02,2,0.1348,Sentinel2,0.1415,-0.0067,26.1,0.1,0.1439
Davanagere,2017-03,3,0.1439,Sentinel2,0.1348,0.0091,28.3,2.2,0.1496
Davanagere,2017-04,4,0.1496,Sentinel2,0.1439,0.0057,29.5,4.1,0.2748
Davanagere,2017-05,5,0.2748,MODIS,0.1496,0.1252,28.5,55.5,0.1841
Davanagere,2017-06,6,0.1841,MODIS,0.2748,-0.0907,24.4,169.5,0.2313
Davanagere,2017-07,7,0.2313,MODIS,0.1841,0.0472,23.8,89.6,0.2545
Davanagere,2017-08,8,0.2545,MODIS,0.2313,0.0232,23.6,130.7,0.3024
Davanagere,2017-09,9,0.3024,MODIS,0.2545,0.0479,24.1,247.7,0.2147
Davanagere,2017-10,10,0.2147,Sentinel2,0.3024,-0.0877,23.9,121.8,0.2009
Davanagere,2017-11,11,0.2009,Sentinel2,0.2147,-0.0138,23.9,17.7,0.1651
Davanagere,2017-12,12,0.1651,Sentinel2,0.2009,-0.0358,23.3,2.1,0.1471
Davanagere,2018-01,1,0.1471,Sentinel2,0.1651,-0.018,23.5,0,0.1565
Davanagere,2018-02,2,0.1565,Sentinel2,0.1471,0.0094,25.3,2.7,0.1709
Davanagere,2018-03,3,0.1709,Sentinel2,0.1565,0.0144,27.8,14.8,0.1763
Davanagere,2018-04,4,0.1763,Sentinel2,0.1709,0.0054,29.1,22.7,0.1827
Davanagere,2018-05,5,0.1827,Sentinel2,0.1763,0.0064,28.1,108.6,0.2868
Davanagere,2018-06,6,0.2868,MODIS,0.1827,0.1041,24,173.9,0.2531
Davanagere,2018-07,7,0.2531,MODIS,0.2868,-0.0337,23.2,129.6,0.2575
Davanagere,2018-08,8,0.2575,MODIS,0.2531,0.0044,22.8,145,0.3507
Davanagere,2018-09,9,0.3507,MODIS,0.2575,0.0932,23.9,67.7,0.2365
Davanagere,2018-10,10,0.2365,Sentinel2,0.3507,-0.1142,24.8,72,0.2092
Davanagere,2018-11,11,0.2092,Sentinel2,0.2365,-0.0273,24.9,25,0.2258
Davanagere,2018-12,12,0.2258,Sentinel2,0.2092,0.0166,24.4,1.9,0.186
Davanagere,2019-01,1,0.186,Sentinel2,0.2258,-0.0398,23.1,4.1,0.1508
Davanagere,2019-02,2,0.1508,Sentinel2,0.186,-0.0352,26.5,1,0.1554
Davanagere,2019-03,3,0.1554,Sentinel2,0.1508,0.0046,28.7,0.3,0.1834
Davanagere,2019-04,4,0.1834,Sentinel2,0.1554,0.028,29.6,10.4,0.1933
Davanagere,2019-05,5,0.1933,Sentinel2,0.1834,0.0099,29.2,15,0.1488
Davanagere,2019-06,6,0.1488,Sentinel2,0.1933,-0.0445,26,140.4,0.22
Davanagere,2019-07,7,0.22,MODIS,0.1488,0.0712,23.7,167.5,0.3143
Davanagere,2019-08,8,0.3143,MODIS,0.22,0.0943,23.2,211,0.4095
Davanagere,2019-09,9,0.4095,Sentinel2,0.3143,0.0952,23.6,153.9,0.2393
Davanagere,2019-10,10,0.2393,Sentinel2,0.4095,-0.1702,23.6,262.3,0.2968
Davanagere,2019-11,11,0.2968,Sentinel2,0.2393,0.0575,23.7,39.1,0.2311
Davanagere,2019-12,12,0.2311,Sentinel2,0.2968,-0.0657,23.3,11.8,0.1819
Davanagere,2020-01,1,0.1819,Sentinel2,0.2311,-0.0492,24.4,1.6,0.1721
Davanagere,2020-02,2,0.1721,Sentinel2,0.1819,-0.0098,25.6,0.2,0.2011
Davanagere,2020-03,3,0.2011,Sentinel2,0.1721,0.029,28,1,0.2605
Davanagere,2020-04,4,0.2605,Sentinel2,0.2011,0.0594,28.6,29.8,0.2719
Davanagere,2020-05,5,0.2719,Sentinel2,0.2605,0.0114,28.8,41.3,0.2476
Davanagere,2020-06,6,0.2476,Sentinel2,0.2719,-0.0243,25,109.7,0.1668
Davanagere,2020-07,7,0.1668,MODIS,0.2476,-0.0808,23.6,263.2,0.3227
Davanagere,2020-08,8,0.3227,MODIS,0.1668,0.1559,23.2,165.3,0.3722
Davanagere,2020-09,9,0.3722,MODIS,0.3227,0.0495,23.6,241.9,0.2884
Davanagere,2020-10,10,0.2884,Sentinel2,0.3722,-0.0838,23.4,97.9,0.3029
Davanagere,2020-11,11,0.3029,Sentinel2,0.2884,0.0145,23.3,13.3,0.2444
Davanagere,2020-12,12,0.2444,Sentinel2,0.3029,-0.0585,22.8,3,0.2174
Davanagere,2021-01,1,0.2174,Sentinel2,0.2444,-0.027,23.6,13.5,0.2367
Davanagere,2021-02,2,0.2367,Sentinel2,0.2174,0.0193,23.8,17,0.2064
Davanagere,2021-03,3,0.2064,Sentinel2,0.2367,-0.0303,27.5,0.4,0.234
Davanagere,2021-04,4,0.234,Sentinel2,0.2064,0.0276,28.3,25.1,0.1741
Davanagere,2021-05,5,0.1741,Sentinel2,0.234,-0.0599,26.3,134.2,0.3948
Davanagere,2021-06,6,0.3948,Sentinel2,0.1741,0.2207,24.1,137.9,0.245
Davanagere,2021-07,7,0.245,MODIS,0.3948,-0.1498,23.2,386.2,0.2764
Davanagere,2021-08,8,0.2764,MODIS,0.245,0.0314,23.4,93.2,0.3329
Davanagere,2021-09,9,0.3329,Sentinel2,0.2764,0.0565,23.4,100.9,0.3366
Davanagere,2021-10,10,0.3366,Sentinel2,0.3329,0.0037,24,177.7,0.3182
Davanagere,2021-11,11,0.3182,MODIS,0.3366,-0.0184,22.7,141.3,0.2301
Davanagere,2021-12,12,0.2301,Sentinel2,0.3182,-0.0881,21.7,9.3,0.2294
Davanagere,2022-01,1,0.2294,Sentinel2,0.2301,-0.0007,22.2,1.6,0.1539
Davanagere,2022-02,2,0.1539,Sentinel2,0.2294,-0.0755,24.2,0,0.1674
Davanagere,2022-03,3,0.1674,Sentinel2,0.1539,0.0135,27.3,2.3,0.1977
Davanagere,2022-04,4,0.1977,Sentinel2,0.1674,0.0303,29,5.4,0.2199
Davanagere,2022-05,5,0.2199,Sentinel2,0.1977,0.0222,26.2,135.3,0.2435
Davanagere,2022-06,6,0.2435,Sentinel2,0.2199,0.0236,24.6,112.7,0.2029
Davanagere,2022-07,7,0.2029,Sentinel2,0.2435,-0.0406,23.1,238.5,0.2959
Davanagere,2022-08,8,0.2959,MODIS,0.2029,0.093,23.3,193.3,0.2795
Davanagere,2022-09,9,0.2795,MODIS,0.2959,-0.0164,23.4,93.5,0.2451
Davanagere,2022-10,10,0.2451,Sentinel2,0.2795,-0.0344,22.9,141.2,0.2134
Davanagere,2022-11,11,0.2134,Sentinel2,0.2451,-0.0317,22.9,21,0.1904
Davanagere,2022-12,12,0.1904,Sentinel2,0.2134,-0.023,22.7,39.5,0.1661
Davanagere,2023-01,1,0.1661,Sentinel2,0.1904,-0.0243,23,0.1,0.1584
Davanagere,2023-02,2,0.1584,Sentinel2,0.1661,-0.0077,25.2,0,0.1744
Davanagere,2023-03,3,0.1744,Sentinel2,0.1584,0.016,27,0.9,0.1799
Davanagere,2023-04,4,0.1799,Sentinel2,0.1744,0.0055,28.8,9.2,0.1788
Davanagere,2023-05,5,0.1788,Sentinel2,0.1799,-0.0011,28.3,49,0.2429
Davanagere,2023-06,6,0.2429,MODIS,0.1788,0.0641,26.8,40.8,0.2821
Davanagere,2023-07,7,0.2821,MODIS,0.2429,0.0392,23.1,282.1,0.3751
Davanagere,2023-08,8,0.3751,MODIS,0.2821,0.093,24.3,38.1,0.3245
Davanagere,2023-09,9,0.3245,MODIS,0.3751,-0.0506,24.2,90.6,0.2137
Davanagere,2023-10,10,0.2137,Sentinel2,0.3245,-0.1108,25.9,18.2,0.1848
Davanagere,2023-11,11,0.1848,Sentinel2,0.2137,-0.0289,25,75.6,0.1631
Davanagere,2023-12,12,0.1631,Sentinel2,0.1848,-0.0217,24.1,5.6,0.148
Davanagere,2024-01,1,0.148,Sentinel2,0.1631,-0.0151,24.8,5.4,0.1395
Davanagere,2024-02,2,0.1395,Sentinel2,0.148,-0.0085,26.9,0,0.1554
Davanagere,2024-03,3,0.1554,Sentinel2,0.1395,0.0159,29.2,0.2,0.1583
Davanagere,2024-04,4,0.1583,Sentinel2,0.1554,0.0029,30.3,20.6,0.1238
Davanagere,2024-05,5,0.1238,Sentinel2,0.1583,-0.0345,28.2,163.7,0.3703
Davanagere,2024-06,6,0.3703,MODIS,0.1238,0.2465,24.5,236.8,0.1656
Davanagere,2024-07,7,0.1656,MODIS,0.3703,-0.2047,23.3,281.2,0.3533
Davanagere,2024-08,8,0.3533,MODIS,0.1656,0.1877,24.1,167.6,0.4092
Davanagere,2024-09,9,0.4092,MODIS,0.3533,0.0559,23.7,85.2,0.1516
Davanagere,2024-10,10,0.1516,Sentinel2,0.4092,-0.2576,24.1,210.8,0.2183
Davanagere,2024-11,11,0.2183,Sentinel2,0.1516,0.0667,22.8,10.5,0.1719
Davanagere,2024-12,12,0.1719,Sentinel2,0.2183,-0.0464,22.6,41.1,0.1682
Davanagere,2025-01,1,0.1682,Sentinel2,0.1719,-0.0037,22.5,0.4,0.1638
Davanagere,2025-02,2,0.1638,Sentinel2,0.1682,-0.0044,25.4,0.1,0.179
Davanagere,2025-03,3,0.179,Sentinel2,0.1638,0.0152,27.7,1.3,0.1605
Davanagere,2025-04,4,0.1605,Sentinel2,0.179,-0.0185,28.2,20.8,0.2039
Davanagere,2025-05,5,0.2039,Sentinel2,0.1605,0.0434,26,185,0.2666
Davanagere,2025-06,6,0.2666,MODIS,0.2039,0.0627,24.1,186.6,0.1219
Davanagere,2025-07,7,0.1219,MODIS,0.2666,-0.1447,23.1,213.6,0.3084
Davanagere,2025-08,8,0.3084,MODIS,0.1219,0.1865,22.8,187.5,0.3245
Davanagere,2025-09,9,0.3245,MODIS,0.3084,0.0161,23,84.6,0.1786
Davanagere,2025-10,10,0.1786,Sentinel2,0.3245,-0.1459,23.6,108.7,0.2076
Davanagere,2025-11,11,0.2076,Sentinel2,0.1786,0.029,22.5,6.3,0.1695
Chitradurga,2010-01,1,0.3376,MODIS,,,22.7,17.1,0.2789
Chitradurga,2010-02,2,0.2789,MODIS,0.3376,-0.0587,26,0.1,0.277
Chitradurga,2010-03,3,0.277,MODIS,0.2789,-0.0019,28.6,0.2,0.344
Chitradurga,2010-04,4,0.344,MODIS,0.277,0.067,29.3,38.2,0.3699
Chitradurga,2010-05,5,0.3699,MODIS,0.344,0.0259,28.6,33.3,0.385
Chitradurga,2010-06,6,0.385,MODIS,0.3699,0.0151,25.6,100.3,0.2583
Chitradurga,2010-07,7,0.2583,MODIS,0.385,-0.1267,23.2,234.3,0.2691
Chitradurga,2010-08,8,0.2691,MODIS,0.2583,0.0108,23.4,147,0.4245
Chitradurga,2010-09,9,0.4245,MODIS,0.2691,0.1554,23.7,104.8,0.4014
Chitradurga,2010-10,10,0.4014,MODIS,0.4245,-0.0231,23.5,99.3,0.4158
Chitradurga,2010-11,11,0.4158,MODIS,0.4014,0.0144,22.6,138.7,0.3673
Chitradurga,2010-12,12,0.3673,MODIS,0.4158,-0.0485,21.8,5.7,0.3224
Chitradurga,2011-01,1,0.3224,MODIS,0.3673,-0.0449,22.4,0.5,0.2847
Chitradurga,2011-02,2,0.2847,MODIS,0.3224,-0.0377,23.6,3,0.2854
Chitradurga,2011-03,3,0.2854,MODIS,0.2847,0.0007,27.6,0.3,0.324
Chitradurga,2011-04,4,0.324,MODIS,0.2854,0.0386,27.4,120.2,0.3277
Chitradurga,2011-05,5,0.3277,MODIS,0.324,0.0037,27.6,41.5,0.252
Chitradurga,2011-06,6,0.252,MODIS,0.3277,-0.0757,24.2,88.2,0.2307
Chitradurga,2011-07,7,0.2307,MODIS,0.252,-0.0213,23.2,165,0.2099
Chitradurga,2011-08,8,0.2099,MODIS,0.2307,-0.0208,22.8,211.3,0.3396
Chitradurga,2011-09,9,0.3396,MODIS,0.2099,0.1297,23.4,50.4,0.4066
Chitradurga,2011-10,10,0.4066,MODIS,0.3396,0.067,24.1,115.2,0.3676
Chitradurga,2011-11,11,0.3676,MODIS,0.4066,-0.039,22.7,58.3,0.3395
Chitradurga,2011-12,12,0.3395,MODIS,0.3676,-0.0281,22.3,3.5,0.2796
Chitradurga,2012-01,1,0.2796,MODIS,0.3395,-0.0599,22.9,0.2,0.2553
Chitradurga,2012-02,2,0.2553,MODIS,0.2796,-0.0243,25.5,0.2,0.2563
Chitradurga,2012-03,3,0.2563,MODIS,0.2553,0.001,28.1,0.2,0.3034
Chitradurga,2012-04,4,0.3034,MODIS,0.2563,0.0471,28,71.4,0.3248
Chitradurga,2012-05,5,0.3248,MODIS,0.3034,0.0214,27.3,41.1,0.2899
Chitradurga,2012-06,6,0.2899,MODIS,0.3248,-0.0349,25.1,58.7,0.2071
Chitradurga,2012-07,7,0.2071,MODIS,0.2899,-0.0828,23.7,104.4,0.2944
Chitradurga,2012-08,8,0.2944,MODIS,0.2071,0.0873,23.1,130.8,0.3742
Chitradurga,2012-09,9,0.3742,MODIS,0.2944,0.0798,23.5,114.4,0.3759
Chitradurga,2012-10,10,0.3759,MODIS,0.3742,0.0017,24.2,84.2,0.3482
Chitradurga,2012-11,11,0.3482,MODIS,0.3759,-0.0277,23.1,74.1,0.3353
Chitradurga,2012-12,12,0.3353,MODIS,0.3482,-0.0129,22.8,17.5,0.2734
Chitradurga,2013-01,1,0.2734,MODIS,0.3353,-0.0619,23.9,0,0.2728
Chitradurga,2013-02,2,0.2728,MODIS,0.2734,-0.0006,25.3,8.1,0.2852
Chitradurga,2013-03,3,0.2852,MODIS,0.2728,0.0124,28.2,2.5,0.2705
Chitradurga,2013-04,4,0.2705,MODIS,0.2852,-0.0147,29.2,11.9,0.3348
Chitradurga,2013-05,5,0.3348,MODIS,0.2705,0.0643,28.1,49.9,0.1597
Chitradurga,2013-06,6,0.1597,MODIS,0.3348,-0.1751,23.5,127.9,0.2208
Chitradurga,2013-07,7,0.2208,MODIS,0.1597,0.0611,22.4,211.3,0.2233
Chitradurga,2013-08,8,0.2233,MODIS,0.2208,0.0025,23,80,0.3544
Chitradurga,2013-09,9,0.3544,MODIS,0.2233,0.1311,23.1,154.5,0.3912
Chitradurga,2013-10,10,0.3912,MODIS,0.3544,0.0368,23.2,92.8,0.3688
Chitradurga,2013-11,11,0.3688,MODIS,0.3912,-0.0224,23.2,7.5,0.3117
Chitradurga,2013-12,12,0.3117,MODIS,0.3688,-0.0571,22,1.2,0.2821
Chitradurga,2014-01,1,0.2821,MODIS,0.3117,-0.0296,23.1,0.1,0.2672
Chitradurga,2014-02,2,0.2672,MODIS,0.2821,-0.0149,24.8,2.5,0.3018
Chitradurga,2014-03,3,0.3018,MODIS,0.2672,0.0346,27.7,11.8,0.3171
Chitradurga,2014-04,4,0.3171,MODIS,0.3018,0.0153,29.1,30.7,0.3894
Chitradurga,2014-05,5,0.3894,MODIS,0.3171,0.0723,27.1,105.2,0.3469
Chitradurga,2014-06,6,0.3469,MODIS,0.3894,-0.0425,26.1,42.2,0.2225
Chitradurga,2014-07,7,0.2225,MODIS,0.3469,-0.1244,23.3,141.5,0.3203
Chitradurga,2014-08,8,0.3203,MODIS,0.2225,0.0978,23.3,251.6,0.4342
Chitradurga,2014-09,9,0.4342,MODIS,0.3203,0.1139,23.6,96.1,0.4285
Chitradurga,2014-10,10,0.4285,MODIS,0.4342,-0.0057,23.8,101.9,0.4035
Chitradurga,2014-11,11,0.4035,MODIS,0.4285,-0.025,22.7,48.1,0.3716
Chitradurga,2014-12,12,0.3716,MODIS,0.4035,-0.0319,22.1,16.9,0.3157
Chitradurga,2015-01,1,0.3157,MODIS,0.3716,-0.0559,22.6,1.4,0.2791
Chitradurga,2015-02,2,0.2791,MODIS,0.3157,-0.0366,24.5,0,0.3033
Chitradurga,2015-03,3,0.3033,MODIS,0.2791,0.0242,27.9,7.9,0.3044
Chitradurga,2015-04,4,0.3044,MODIS,0.3033,0.0011,27.8,59,0.3502
Chitradurga,2015-05,5,0.3502,MODIS,0.3044,0.0458,27.8,66.2,0.3857
Chitradurga,2015-06,6,0.3857,MODIS,0.3502,0.0355,24.6,139.9,0.3048
Chitradurga,2015-07,7,0.3048,MODIS,0.3857,-0.0809,24.1,61.7,0.3862
Chitradurga,2015-08,8,0.3862,MODIS,0.3048,0.0814,24,92,0.4187
Chitradurga,2015-09,9,0.4187,MODIS,0.3862,0.0325,24.1,95.4,0.4259
Chitradurga,2015-10,10,0.4259,MODIS,0.4187,0.0072,24.6,152.1,0.3899
Chitradurga,2015-11,11,0.3899,MODIS,0.4259,-0.036,22.4,136.5,0.1811
Chitradurga,2015-12,12,0.1811,Sentinel2,0.3899,-0.2088,22.8,3.4,0.1643
Chitradurga,2016-01,1,0.1643,Sentinel2,0.1811,-0.0168,23.2,8.4,0.1337
Chitradurga,2016-02,2,0.1337,Sentinel2,0.1643,-0.0306,26.6,0.1,0.1382
Chitradurga,2016-03,3,0.1382,Sentinel2,0.1337,0.0045,29.4,0.2,0.1459
Chitradurga,2016-04,4,0.1459,Sentinel2,0.1382,0.0077,30.8,0.2,0.2933
Chitradurga,2016-05,5,0.2933,MODIS,0.1459,0.1474,28.6,47.7,0.2821
Chitradurga,2016-06,6,0.2821,MODIS,0.2933,-0.0112,24,264.7,0.3456
Chitradurga,2016-07,7,0.3456,MODIS,0.2821,0.0635,23.2,158.9,0.3253
Chitradurga,2016-08,8,0.3253,MODIS,0.3456,-0.0203,23.4,46,0.3156
Chitradurga,2016-09,9,0.3156,MODIS,0.3253,-0.0097,23.2,67.6,0.3372
Chitradurga,2016-10,10,0.3372,MODIS,0.3156,0.0216,24.5,16.9,0.18
Chitradurga,2016-11,11,0.18,Sentinel2,0.3372,-0.1572,24.8,9,0.1557
Chitradurga,2016-12,12,0.1557,Sentinel2,0.18,-0.0243,23.3,18.4,0.1405
Chitradurga,2017-01,1,0.1405,Sentinel2,0.1557,-0.0152,23.9,6.5,0.1359
Chitradurga,2017-02,2,0.1359,Sentinel2,0.1405,-0.0046,25.8,0,0.1321
Chitradurga,2017-03,3,0.1321,Sentinel2,0.1359,-0.0038,28.5,7.3,0.1372
Chitradurga,2017-04,4,0.1372,Sentinel2,0.1321,0.0051,30,5.9,0.2874
Chitradurga,2017-05,5,0.2874,MODIS,0.1372,0.1502,28.5,65.4,0.1683
Chitradurga,2017-06,6,0.1683,MODIS,0.2874,-0.1191,24.6,116.8,0.3166
Chitradurga,2017-07,7,0.3166,MODIS,0.1683,0.1483,24,63,0.2676
Chitradurga,2017-08,8,0.2676,MODIS,0.3166,-0.049,23.8,109.1,0.3582
Chitradurga,2017-09,9,0.3582,MODIS,0.2676,0.0906,24.1,249.6,0.2091
Chitradurga,2017-10,10,0.2091,Sentinel2,0.3582,-0.1491,23.6,145.9,0.3901
Chitradurga,2017-11,11,0.3901,MODIS,0.2091,0.181,23.5,20.3,0.1761
Chitradurga,2017-12,12,0.1761,Sentinel2,0.3901,-0.214,22.8,1.8,0.1496
Chitradurga,2018-01,1,0.1496,Sentinel2,0.1761,-0.0265,23.1,0,0.1414
Chitradurga,2018-02,2,0.1414,Sentinel2,0.1496,-0.0082,24.6,9.3,0.1621
Chitradurga,2018-03,3,0.1621,Sentinel2,0.1414,0.0207,27.7,26.2,0.3178
Chitradurga,2018-04,4,0.3178,MODIS,0.1621,0.1557,29.4,13.7,0.3852
Chitradurga,2018-05,5,0.3852,MODIS,0.3178,0.0674,27.9,135.7,0.3166
Chitradurga,2018-06,6,0.3166,MODIS,0.3852,-0.0686,24.1,189.4,0.3493
Chitradurga,2018-07,7,0.3493,MODIS,0.3166,0.0327,23.2,104.6,0.3071
Chitradurga,2018-08,8,0.3071,MODIS,0.3493,-0.0422,22.8,96.8,0.3864
Chitradurga,2018-09,9,0.3864,MODIS,0.3071,0.0793,24.1,61.6,0.212
Chitradurga,2018-10,10,0.212,Sentinel2,0.3864,-0.1744,25.1,55.4,0.1841
Chitradurga,2018-11,11,0.1841,Sentinel2,0.212,-0.0279,24.8,26.2,0.1994
Chitradurga,2018-12,12,0.1994,Sentinel2,0.1841,0.0153,24.1,3.3,0.1689
Chitradurga,2019-01,1,0.1689,Sentinel2,0.1994,-0.0305,22.7,3.6,0.1404
Chitradurga,2019-02,2,0.1404,Sentinel2,0.1689,-0.0285,26.3,1.9,0.1352
Chitradurga,2019-03,3,0.1352,Sentinel2,0.1404,-0.0052,29.2,0.2,0.1544
Chitradurga,2019-04,4,0.1544,Sentinel2,0.1352,0.0192,29.9,12,0.1954
Chitradurga,2019-05,5,0.1954,Sentinel2,0.1544,0.041,29.3,26.2,0.2954
Chitradurga,2019-06,6,0.2954,MODIS,0.1954,0.1,26.1,117.5,0.1498
Chitradurga,2019-07,7,0.1498,MODIS,0.2954,-0.1456,23.9,116.8,0.2313
Chitradurga,2019-08,8,0.2313,MODIS,0.1498,0.0815,23.4,136.2,0.2616
Chitradurga,2019-09,9,0.2616,Sentinel2,0.2313,0.0303,23.6,149.4,0.3836
Chitradurga,2019-10,10,0.3836,MODIS,0.2616,0.122,23.4,263.4,0.2693
Chitradurga,2019-11,11,0.2693,Sentinel2,0.3836,-0.1143,23.4,34.3,0.2714
Chitradurga,2019-12,12,0.2714,Sentinel2,0.2693,0.0021,22.8,17,0.1845
Chitradurga,2020-01,1,0.1845,Sentinel2,0.2714,-0.0869,24.4,2.4,0.1627
Chitradurga,2020-02,2,0.1627,Sentinel2,0.1845,-0.0218,25.5,0.2,0.1227
Chitradurga,2020-03,3,0.1227,Sentinel2,0.1627,-0.04,28.4,1.3,0.1933
Chitradurga,2020-04,4,0.1933,Sentinel2,0.1227,0.0706,29.3,15.2,0.2522
Chitradurga,2020-05,5,0.2522,Sentinel2,0.1933,0.0589,29.2,23.1,0.2916
Chitradurga,2020-06,6,0.2916,Sentinel2,0.2522,0.0394,25.3,107.5,0.3776
Chitradurga,2020-07,7,0.3776,MODIS,0.2916,0.086,23.6,233.7,0.3767
Chitradurga,2020-08,8,0.3767,MODIS,0.3776,-0.0009,23.3,131.7,0.3613
Chitradurga,2020-09,9,0.3613,MODIS,0.3767,-0.0154,23.5,198.2,0.3338
Chitradurga,2020-10,10,0.3338,Sentinel2,0.3613,-0.0275,23.3,118.7,0.33
Chitradurga,2020-11,11,0.33,Sentinel2,0.3338,-0.0038,22.7,19,0.2573
Chitradurga,2020-12,12,0.2573,Sentinel2,0.33,-0.0727,22,8,0.1831
Chitradurga,2021-01,1,0.1831,Sentinel2,0.2573,-0.0742,22.9,19.2,0.2129
Chitradurga,2021-02,2,0.2129,Sentinel2,0.1831,0.0298,23.5,10.9,0.2202
Chitradurga,2021-03,3,0.2202,Sentinel2,0.2129,0.0073,27.6,0.1,0.2333
Chitradurga,2021-04,4,0.2333,Sentinel2,0.2202,0.0131,28.6,26.3,0.2636
Chitradurga,2021-05,5,0.2636,Sentinel2,0.2333,0.0303,26.4,104.7,0.3108
Chitradurga,2021-06,6,0.3108,Sentinel2,0.2636,0.0472,24.2,122.9,0.2936
Chitradurga,2021-07,7,0.2936,MODIS,0.3108,-0.0172,23.2,358.1,0.2524
Chitradurga,2021-08,8,0.2524,MODIS,0.2936,-0.0412,23.4,74,0.2849
Chitradurga,2021-09,9,0.2849,Sentinel2,0.2524,0.0325,23.5,77.8,0.4325
Chitradurga,2021-10,10,0.4325,MODIS,0.2849,0.1476,23.8,159,0.4144
Chitradurga,2021-11,11,0.4144,MODIS,0.4325,-0.0181,22.1,185.2,0.239
Chitradurga,2021-12,12,0.239,Sentinel2,0.4144,-0.1754,21,13.3,0.2206
Chitradurga,2022-01,1,0.2206,Sentinel2,0.239,-0.0184,22,2.9,0.1531
Chitradurga,2022-02,2,0.1531,Sentinel2,0.2206,-0.0675,23.9,0,0.1529
Chitradurga,2022-03,3,0.1529,Sentinel2,0.1531,-0.0002,27.2,1,0.1595
Chitradurga,2022-04,4,0.1595,Sentinel2,0.1529,0.0066,29.1,11.4,0.2132
Chitradurga,2022-05,5,0.2132,Sentinel2,0.1595,0.0537,26.1,132.4,0.2239
Chitradurga,2022-06,6,0.2239,Sentinel2,0.2132,0.0107,24.9,92.8,0.2794
Chitradurga,2022-07,7,0.2794,MODIS,0.2239,0.0555,23.1,192.4,0.4163
Chitradurga,2022-08,8,0.4163,MODIS,0.2794,0.1369,23.3,153.4,0.3221
Chitradurga,2022-09,9,0.3221,MODIS,0.4163,-0.0942,23.4,90.2,0.2362
Chitradurga,2022-10,10,0.2362,Sentinel2,0.3221,-0.0859,22.7,145.8,0.1877
Chitradurga,2022-11,11,0.1877,Sentinel2,0.2362,-0.0485,22.3,33.8,0.1792
Chitradurga,2022-12,12,0.1792,Sentinel2,0.1877,-0.0085,22.1,50.4,0.1691
Chitradurga,2023-01,1,0.1691,Sentinel2,0.1792,-0.0101,22.4,0.1,0.1558
Chitradurga,2023-02,2,0.1558,Sentinel2,0.1691,-0.0133,24.7,0,0.1553
Chitradurga,2023-03,3,0.1553,Sentinel2,0.1558,-0.0005,26.9,2.9,0.153
Chitradurga,2023-04,4,0.153,Sentinel2,0.1553,-0.0023,29.1,16.5,0.1588
Chitradurga,2023-05,5,0.1588,Sentinel2,0.153,0.0058,28.1,62,0.2404
Chitradurga,2023-06,6,0.2404,MODIS,0.1588,0.0816,26.8,48.2,0.1801
Chitradurga,2023-07,7,0.1801,MODIS,0.2404,-0.0603,23.2,225.2,0.3111
Chitradurga,2023-08,8,0.3111,MODIS,0.1801,0.131,24.5,26,0.3981
Chitradurga,2023-09,9,0.3981,MODIS,0.3111,0.087,24.4,63.1,0.2086
Chitradurga,2023-10,10,0.2086,Sentinel2,0.3981,-0.1895,26.5,15.2,0.4079
Chitradurga,2023-11,11,0.4079,MODIS,0.2086,0.1993,24.3,102,0.1885
Chitradurga,2023-12,12,0.1885,Sentinel2,0.4079,-0.2194,23.2,12.7,0.1657
Chitradurga,2024-01,1,0.1657,Sentinel2,0.1885,-0.0228,24.3,5.9,0.1396
Chitradurga,2024-02,2,0.1396,Sentinel2,0.1657,-0.0261,26.5,0,0.1271
Chitradurga,2024-03,3,0.1271,Sentinel2,0.1396,-0.0125,29.3,0,0.1408
Chitradurga,2024-04,4,0.1408,Sentinel2,0.1271,0.0137,30.9,12.5,0.1705
Chitradurga,2024-05,5,0.1705,Sentinel2,0.1408,0.0297,28.3,99,0.4114
Chitradurga,2024-06,6,0.4114,MODIS,0.1705,0.2409,24.6,172.8,0.1749
Chitradurga,2024-07,7,0.1749,MODIS,0.4114,-0.2365,23.5,220.5,0.3423
Chitradurga,2024-08,8,0.3423,MODIS,0.1749,0.1674,24,180,0.4195
Chitradurga,2024-09,9,0.4195,MODIS,0.3423,0.0772,23.8,57.2,0.2106
Chitradurga,2024-10,10,0.2106,Sentinel2,0.4195,-0.2089,23.8,226.9,0.2279
Chitradurga,2024-11,11,0.2279,Sentinel2,0.2106,0.0173,22.3,17.1,0.1936
Chitradurga,2024-12,12,0.1936,Sentinel2,0.2279,-0.0343,22,57.2,0.1705
Chitradurga,2025-01,1,0.1705,Sentinel2,0.1936,-0.0231,21.7,0.3,0.1526
Chitradurga,2025-02,2,0.1526,Sentinel2,0.1705,-0.0179,24.9,0,0.1561
Chitradurga,2025-03,3,0.1561,Sentinel2,0.1526,0.0035,27.7,1,0.1726
Chitradurga,2025-04,4,0.1726,Sentinel2,0.1561,0.0165,28.1,41.8,0.2006
Chitradurga,2025-05,5,0.2006,Sentinel2,0.1726,0.028,26,183.2,0.3151
Chitradurga,2025-06,6,0.3151,MODIS,0.2006,0.1145,24.2,127.2,0.2098
Chitradurga,2025-07,7,0.2098,MODIS,0.3151,-0.1053,23.1,174.2,0.3162
Chitradurga,2025-08,8,0.3162,MODIS,0.2098,0.1064,22.8,179.1,0.4011
Chitradurga,2025-09,9,0.4011,MODIS,0.3162,0.0849,23.1,52.8,0.2159
Chitradurga,2025-10,10,0.2159,Sentinel2,0.4011,-0.1852,23.3,145.4,0.1778
Chitradurga,2025-11,11,0.1778,Sentinel2,0.2159,-0.0381,22.1,13,0.1357
Belagavi,2010-01,1,0.4956,MODIS,,,21.9,24.6,0.4136
Belagavi,2010-02,2,0.4136,MODIS,0.4956,-0.082,24.1,2,0.3952
Belagavi,2010-03,3,0.3952,MODIS,0.4136,-0.0184,26.7,0.6,0.4568
Belagavi,2010-04,4,0.4568,MODIS,0.3952,0.0616,27.8,36.7,0.4621
Belagavi,2010-05,5,0.4621,MODIS,0.4568,0.0053,27.2,28.2,0.4689
Belagavi,2010-06,6,0.4689,MODIS,0.4621,0.0068,23.8,252.9,0.3137
Belagavi,2010-07,7,0.3137,MODIS,0.4689,-0.1552,21.8,437.3,0.3055
Belagavi,2010-08,8,0.3055,MODIS,0.3137,-0.0082,22,230.8,0.6278
Belagavi,2010-09,9,0.6278,MODIS,0.3055,0.3223,22.2,199.5,0.6137
Belagavi,2010-10,10,0.6137,MODIS,0.6278,-0.0141,22.4,111.7,0.4958
Belagavi,2010-11,11,0.4958,MODIS,0.6137,-0.1179,21.9,160.3,0.5043
Belagavi,2010-12,12,0.5043,MODIS,0.4958,0.0085,20.2,7,0.446
Belagavi,2011-01,1,0.446,MODIS,0.5043,-0.0583,20.8,0.1,0.4106
Belagavi,2011-02,2,0.4106,MODIS,0.446,-0.0354,22.1,0.6,0.3826
Belagavi,2011-03,3,0.3826,MODIS,0.4106,-0.028,26,0.3,0.4351
Belagavi,2011-04,4,0.4351,MODIS,0.3826,0.0525,26.2,29.4,0.4917
Belagavi,2011-05,5,0.4917,MODIS,0.4351,0.0566,26.2,39,0.5518
Belagavi,2011-06,6,0.5518,MODIS,0.4917,0.0601,22.4,199.1,0.2874
Belagavi,2011-07,7,0.2874,MODIS,0.5518,-0.2644,21.6,373.8,0.3401
Belagavi,2011-08,8,0.3401,MODIS,0.2874,0.0527,21.5,445.1,0.6175
Belagavi,2011-09,9,0.6175,MODIS,0.3401,0.2774,21.8,114.9,0.6287
Belagavi,2011-10,10,0.6287,MODIS,0.6175,0.0112,23,132.8,0.5305
Belagavi,2011-11,11,0.5305,MODIS,0.6287,-0.0982,22.6,13,0.4813
Belagavi,2011-12,12,0.4813,MODIS,0.5305,-0.0492,21.9,0,0.42
Belagavi,2012-01,1,0.42,MODIS,0.4813,-0.0613,21.4,0,0.3877
Belagavi,2012-02,2,0.3877,MODIS,0.42,-0.0323,24.1,0,0.3676
Belagavi,2012-03,3,0.3676,MODIS,0.3877,-0.0201,25.7,0.2,0.4088
Belagavi,2012-04,4,0.4088,MODIS,0.3676,0.0412,26.6,35.4,0.4157
Belagavi,2012-05,5,0.4157,MODIS,0.4088,0.0069,25.8,43.7,0.3018
Belagavi,2012-06,6,0.3018,MODIS,0.4157,-0.1139,23,194.9,0.2723
Belagavi,2012-07,7,0.2723,MODIS,0.3018,-0.0295,21.8,203.9,0.2849
Belagavi,2012-08,8,0.2849,MODIS,0.2723,0.0126,21.6,249.4,0.6205
Belagavi,2012-09,9,0.6205,MODIS,0.2849,0.3356,21.9,161.7,0.6127
Belagavi,2012-10,10,0.6127,MODIS,0.6205,-0.0078,22.9,67.2,0.5796
Belagavi,2012-11,11,0.5796,MODIS,0.6127,-0.0331,22,59.5,0.5034
Belagavi,2012-12,12,0.5034,MODIS,0.5796,-0.0762,22.6,3.1,0.4299
Belagavi,2013-01,1,0.4299,MODIS,0.5034,-0.0735,22.6,0.6,0.4048
Belagavi,2013-02,2,0.4048,MODIS,0.4299,-0.0251,24,4.3,0.4076
Belagavi,2013-03,3,0.4076,MODIS,0.4048,0.0028,26.3,0.8,0.3839
Belagavi,2013-04,4,0.3839,MODIS,0.4076,-0.0237,26.9,8.8,0.3894
Belagavi,2013-05,5,0.3894,MODIS,0.3839,0.0055,26.4,44.9,0.3875
Belagavi,2013-06,6,0.3875,MODIS,0.3894,-0.0019,22,329.8,0.2015
Belagavi,2013-07,7,0.2015,MODIS,0.3875,-0.186,21,518.3,0.5055
Belagavi,2013-08,8,0.5055,MODIS,0.2015,0.304,21.4,140.8,0.6106
Belagavi,2013-09,9,0.6106,MODIS,0.5055,0.1051,22,204.1,0.6298
Belagavi,2013-10,10,0.6298,MODIS,0.6106,0.0192,22.3,134.1,0.5641
Belagavi,2013-11,11,0.5641,MODIS,0.6298,-0.0657,21.7,3.7,0.4844
Belagavi,2013-12,12,0.4844,MODIS,0.5641,-0.0797,20.4,2.9,0.4223
Belagavi,2014-01,1,0.4223,MODIS,0.4844,-0.0621,21.8,4.1,0.3906
Belagavi,2014-02,2,0.3906,MODIS,0.4223,-0.0317,22.4,5,0.409
Belagavi,2014-03,3,0.409,MODIS,0.3906,0.0184,25.3,9.7,0.4666
Belagavi,2014-04,4,0.4666,MODIS,0.409,0.0576,26.9,51.8,0.554
Belagavi,2014-05,5,0.554,MODIS,0.4666,0.0874,26,70.5,0.4598
Belagavi,2014-06,6,0.4598,MODIS,0.554,-0.0942,24,86.3,0.3506
Belagavi,2014-07,7,0.3506,MODIS,0.4598,-0.1092,21.6,523.3,0.4637
Belagavi,2014-08,8,0.4637,MODIS,0.3506,0.1131,21.8,266,0.6327
Belagavi,2014-09,9,0.6327,MODIS,0.4637,0.169,22.2,123.8,0.6109
Belagavi,2014-10,10,0.6109,MODIS,0.6327,-0.0218,23,149.9,0.5977
Belagavi,2014-11,11,0.5977,MODIS,0.6109,-0.0132,21.8,42.1,0.5239
Belagavi,2014-12,12,0.5239,MODIS,0.5977,-0.0738,20.9,36.8,0.4472
Belagavi,2015-01,1,0.4472,MODIS,0.5239,-0.0767,20.6,1.3,0.4169
Belagavi,2015-02,2,0.4169,MODIS,0.4472,-0.0303,23.1,0.1,0.4866
Belagavi,2015-03,3,0.4866,MODIS,0.4169,0.0697,24.8,33.3,0.4365
Belagavi,2015-04,4,0.4365,MODIS,0.4866,-0.0501,26.1,25.4,0.5193
Belagavi,2015-05,5,0.5193,MODIS,0.4365,0.0828,26.3,93,0.4165
Belagavi,2015-06,6,0.4165,MODIS,0.5193,-0.1028,23.1,249.2,0.4444
Belagavi,2015-07,7,0.4444,MODIS,0.4165,0.0279,22.5,103.2,0.6337
Belagavi,2015-08,8,0.6337,MODIS,0.4444,0.1893,22.4,92.4,0.6129
Belagavi,2015-09,9,0.6129,MODIS,0.6337,-0.0208,22.9,136.3,0.6268
Belagavi,2015-10,10,0.6268,MODIS,0.6129,0.0139,23.9,154.3,0.5306
Belagavi,2015-11,11,0.5306,MODIS,0.6268,-0.0962,23.7,25.4,0.4698
Belagavi,2015-12,12,0.4698,MODIS,0.5306,-0.0608,23.3,3.8,0.3975
Belagavi,2016-01,1,0.3975,MODIS,0.4698,-0.0723,22.2,0.5,0.1901
Belagavi,2016-02,2,0.1901,Sentinel2,0.3975,-0.2074,24.8,0.7,0.1938
Belagavi,2016-03,3,0.1938,Sentinel2,0.1901,0.0037,27,4.8,0.3957
Belagavi,2016-04,4,0.3957,MODIS,0.1938,0.2019,28,22.6,0.4291
Belagavi,2016-05,5,0.4291,MODIS,0.3957,0.0334,27,40.5,0.1556
Belagavi,2016-06,6,0.1556,MODIS,0.4291,-0.2735,22.9,387.2,0.2243
Belagavi,2016-07,7,0.2243,MODIS,0.1556,0.0687,21.7,381.4,0.3756
Belagavi,2016-08,8,0.3756,MODIS,0.2243,0.1513,21.8,195.2,0.4067
Belagavi,2016-09,9,0.4067,MODIS,0.3756,0.0311,21.9,124.3,0.5914
Belagavi,2016-10,10,0.5914,MODIS,0.4067,0.1847,22.5,24.6,0.2989
Belagavi,2016-11,11,0.2989,Sentinel2,0.5914,-0.2925,22.3,10.9,0.2695
Belagavi,2016-12,12,0.2695,Sentinel2,0.2989,-0.0294,22.2,1.6,0.2323
Belagavi,2017-01,1,0.2323,Sentinel2,0.2695,-0.0372,22.4,0,0.2028
Belagavi,2017-02,2,0.2028,Sentinel2,0.2323,-0.0295,24.6,0,0.2069
Belagavi,2017-03,3,0.2069,Sentinel2,0.2028,0.0041,25.9,2.6,0.2263
Belagavi,2017-04,4,0.2263,Sentinel2,0.2069,0.0194,27.4,4.3,0.5044
Belagavi,2017-05,5,0.5044,MODIS,0.2263,0.2781,26.8,51.7,0.4326
Belagavi,2017-06,6,0.4326,MODIS,0.5044,-0.0718,23,217.8,0.4332
Belagavi,2017-07,7,0.4332,MODIS,0.4326,0.0006,22.1,246.9,0.582
Belagavi,2017-08,8,0.582,MODIS,0.4332,0.1488,22.1,145.3,0.5164
Belagavi,2017-09,9,0.5164,MODIS,0.582,-0.0656,22.7,302.9,0.631
Belagavi,2017-10,10,0.631,MODIS,0.5164,0.1146,22.8,186.6,0.5758
Belagavi,2017-11,11,0.5758,MODIS,0.631,-0.0552,22.3,21.4,0.2544
Belagavi,2017-12,12,0.2544,Sentinel2,0.5758,-0.3214,21.7,8.1,0.2044
Belagavi,2018-01,1,0.2044,Sentinel2,0.2544,-0.05,22.2,0.2,0.2044
Belagavi,2018-02,2,0.2044,Sentinel2,0.2044,0,23.6,0.6,0.2105
Belagavi,2018-03,3,0.2105,Sentinel2,0.2044,0.0061,26.1,10.3,0.2129
Belagavi,2018-04,4,0.2129,Sentinel2,0.2105,0.0024,27.2,27.9,0.4776
Belagavi,2018-05,5,0.4776,MODIS,0.2129,0.2647,26.7,107.2,0.445
Belagavi,2018-06,6,0.445,MODIS,0.4776,-0.0326,22.7,304.9,0.3418
Belagavi,2018-07,7,0.3418,MODIS,0.445,-0.1032,21.6,296.4,0.4057
Belagavi,2018-08,8,0.4057,MODIS,0.3418,0.0639,21.3,192.8,0.5951
Belagavi,2018-09,9,0.5951,MODIS,0.4057,0.1894,22.3,98.3,0.6042
Belagavi,2018-10,10,0.6042,MODIS,0.5951,0.0091,23.8,72.8,0.2842
Belagavi,2018-11,11,0.2842,Sentinel2,0.6042,-0.32,23.6,11.7,0.3762
Belagavi,2018-12,12,0.3762,Sentinel2,0.2842,0.092,22.1,5.1,0.231
Belagavi,2019-01,1,0.231,Sentinel2,0.3762,-0.1452,21.4,0.7,0.197
Belagavi,2019-02,2,0.197,Sentinel2,0.231,-0.034,24,0.4,0.2271
Belagavi,2019-03,3,0.2271,Sentinel2,0.197,0.0301,26.3,4,0.2712
Belagavi,2019-04,4,0.2712,Sentinel2,0.2271,0.0441,27.5,20,0.3409
Belagavi,2019-05,5,0.3409,Sentinel2,0.2712,0.0697,27.4,24.3,0.3692
Belagavi,2019-06,6,0.3692,MODIS,0.3409,0.0283,24.1,250.2,0.2104
Belagavi,2019-07,7,0.2104,MODIS,0.3692,-0.1588,22,280.4,0.441
Belagavi,2019-08,8,0.441,MODIS,0.2104,0.2306,21.8,450.3,0.6092
Belagavi,2019-09,9,0.6092,MODIS,0.441,0.1682,22,268.2,0.5875
Belagavi,2019-10,10,0.5875,Sentinel2,0.6092,-0.0217,22.3,335.7,0.4466
Belagavi,2019-11,11,0.4466,Sentinel2,0.5875,-0.1409,22.4,32.7,0.3902
Belagavi,2019-12,12,0.3902,Sentinel2,0.4466,-0.0564,22.2,12,0.3083
Belagavi,2020-01,1,0.3083,Sentinel2,0.3902,-0.0819,22.2,1.5,0.252
Belagavi,2020-02,2,0.252,Sentinel2,0.3083,-0.0563,23.6,0.4,0.271
Belagavi,2020-03,3,0.271,Sentinel2,0.252,0.019,25.4,5.3,0.3654
Belagavi,2020-04,4,0.3654,Sentinel2,0.271,0.0944,27,38.9,0.3856
Belagavi,2020-05,5,0.3856,Sentinel2,0.3654,0.0202,27.2,44,0.5028
Belagavi,2020-06,6,0.5028,MODIS,0.3856,0.1172,23,354.5,0.4352
Belagavi,2020-07,7,0.4352,MODIS,0.5028,-0.0676,22.2,351.4,0.6311
Belagavi,2020-08,8,0.6311,MODIS,0.4352,0.1959,21.7,394.5,0.5216
Belagavi,2020-09,9,0.5216,MODIS,0.6311,-0.1095,22.4,392.5,0.5528
Belagavi,2020-10,10,0.5528,Sentinel2,0.5216,0.0312,22.4,217.8,0.4934
Belagavi,2020-11,11,0.4934,Sentinel2,0.5528,-0.0594,21.9,6.3,0.4067
Belagavi,2020-12,12,0.4067,Sentinel2,0.4934,-0.0867,21.6,12,0.2303
Belagavi,2021-01,1,0.2303,Sentinel2,0.4067,-0.1764,22.4,45.4,0.2423
Belagavi,2021-02,2,0.2423,Sentinel2,0.2303,0.012,22.6,6.1,0.213
Belagavi,2021-03,3,0.213,Sentinel2,0.2423,-0.0293,26.5,0.8,0.3299
Belagavi,2021-04,4,0.3299,Sentinel2,0.213,0.1169,26.6,41,0.2518
Belagavi,2021-05,5,0.2518,Sentinel2,0.3299,-0.0781,24.8,175.7,0.4472
Belagavi,2021-06,6,0.4472,MODIS,0.2518,0.1954,22.5,290.5,0.3065
Belagavi,2021-07,7,0.3065,MODIS,0.4472,-0.1407,21.9,484.6,0.5611
Belagavi,2021-08,8,0.5611,MODIS,0.3065,0.2546,22.1,107.8,0.6311
Belagavi,2021-09,9,0.6311,MODIS,0.5611,0.07,21.9,176.9,0.4775
Belagavi,2021-10,10,0.4775,Sentinel2,0.6311,-0.1536,23,124.2,0.4043
Belagavi,2021-11,11,0.4043,Sentinel2,0.4775,-0.0732,22.4,59.9,0.3422
Belagavi,2021-12,12,0.3422,Sentinel2,0.4043,-0.0621,21.2,6.6,0.3413
Belagavi,2022-01,1,0.3413,Sentinel2,0.3422,-0.0009,20.5,0.5,0.2133
Belagavi,2022-02,2,0.2133,Sentinel2,0.3413,-0.128,23.2,0,0.2238
Belagavi,2022-03,3,0.2238,Sentinel2,0.2133,0.0105,26.2,7.6,0.2725
Belagavi,2022-04,4,0.2725,Sentinel2,0.2238,0.0487,26.9,49.3,0.3312
Belagavi,2022-05,5,0.3312,Sentinel2,0.2725,0.0587,25.4,156.3,0.3043
Belagavi,2022-06,6,0.3043,MODIS,0.3312,-0.0269,23.1,204.1,0.3597
Belagavi,2022-07,7,0.3597,MODIS,0.3043,0.0554,21.7,490.2,0.3971
Belagavi,2022-08,8,0.3971,MODIS,0.3597,0.0374,21.9,279.9,0.6133
Belagavi,2022-09,9,0.6133,MODIS,0.3971,0.2162,22.1,261,0.3465
Belagavi,2022-10,10,0.3465,Sentinel2,0.6133,-0.2668,21.7,141.1,0.2871
Belagavi,2022-11,11,0.2871,Sentinel2,0.3465,-0.0594,22.1,8.5,0.2573
Belagavi,2022-12,12,0.2573,Sentinel2,0.2871,-0.0298,22,43.6,0.2359
Belagavi,2023-01,1,0.2359,Sentinel2,0.2573,-0.0214,21.8,0.9,0.2127
Belagavi,2023-02,2,0.2127,Sentinel2,0.2359,-0.0232,24.4,0,0.2202
Belagavi,2023-03,3,0.2202,Sentinel2,0.2127,0.0075,25,0.7,0.2172
Belagavi,2023-04,4,0.2172,Sentinel2,0.2202,-0.003,26.7,14.2,0.226
Belagavi,2023-05,5,0.226,Sentinel2,0.2172,0.0088,26.4,64.6,0.2318
Belagavi,2023-06,6,0.2318,Sentinel2,0.226,0.0058,24.7,99,0.1351
Belagavi,2023-07,7,0.1351,MODIS,0.2318,-0.0967,21.7,506.8,0.5819
Belagavi,2023-08,8,0.5819,MODIS,0.1351,0.4468,22.5,61.1,0.6477
Belagavi,2023-09,9,0.6477,MODIS,0.5819,0.0658,22.6,155.9,0.2599
Belagavi,2023-10,10,0.2599,Sentinel2,0.6477,-0.3878,23.9,38.7,0.1888
Belagavi,2023-11,11,0.1888,Sentinel2,0.2599,-0.0711,23.6,55.2,0.2578
Belagavi,2023-12,12,0.2578,Sentinel2,0.1888,0.069,22.5,2.9,0.2219
Belagavi,2024-01,1,0.2219,Sentinel2,0.2578,-0.0359,22.6,7.3,0.192
Belagavi,2024-02,2,0.192,Sentinel2,0.2219,-0.0299,24.9,0,0.2005
Belagavi,2024-03,3,0.2005,Sentinel2,0.192,0.0085,26.9,1.4,0.2139
Belagavi,2024-04,4,0.2139,Sentinel2,0.2005,0.0134,28.8,15.2,0.231
Belagavi,2024-05,5,0.231,Sentinel2,0.2139,0.0171,27.1,118.8,0.3607
Belagavi,2024-06,6,0.3607,MODIS,0.231,0.1297,23.3,335.1,0.1283
Belagavi,2024-07,7,0.1283,MODIS,0.3607,-0.2324,21.9,601.2,0.4719
Belagavi,2024-08,8,0.4719,MODIS,0.1283,0.3436,22.6,229.3,0.6373
Belagavi,2024-09,9,0.6373,MODIS,0.4719,0.1654,22.2,160.4,0.3199
Belagavi,2024-10,10,0.3199,Sentinel2,0.6373,-0.3174,22.9,222.3,0.3082
Belagavi,2024-11,11,0.3082,Sentinel2,0.3199,-0.0117,21.6,9.8,0.2751
Belagavi,2024-12,12,0.2751,Sentinel2,0.3082,-0.0331,21.8,32.4,0.2315
Belagavi,2025-01,1,0.2315,Sentinel2,0.2751,-0.0436,22,0.9,0.2063
Belagavi,2025-02,2,0.2063,Sentinel2,0.2315,-0.0252,24.6,0.4,0.2151
Belagavi,2025-03,3,0.2151,Sentinel2,0.2063,0.0088,26.7,5,0.2594
Belagavi,2025-04,4,0.2594,Sentinel2,0.2151,0.0443,26.8,40.1,0.2512
Belagavi,2025-05,5,0.2512,Sentinel2,0.2594,-0.0082,24.4,461.5,0.2903
Belagavi,2025-06,6,0.2903,MODIS,0.2512,0.0391,22.7,299.6,0.1792
Belagavi,2025-07,7,0.1792,MODIS,0.2903,-0.1111,21.7,332,0.3984
Belagavi,2025-08,8,0.3984,MODIS,0.1792,0.2192,21.6,316.9,0.5221
Belagavi,2025-09,9,0.5221,MODIS,0.3984,0.1237,21.6,160,0.3132
Belagavi,2025-10,10,0.3132,MODIS,0.5221,-0.2089,22.5,104.9,0.3267
Belagavi,2025-11,11,0.3267,Sentinel2,0.3132,0.0135,21,5.9,0.2669
Dharwad,2010-01,1,0.4031,MODIS,,,23.2,14.1,0.3512
Dharwad,2010-02,2,0.3512,MODIS,0.4031,-0.0519,25.6,0.5,0.3198
Dharwad,2010-03,3,0.3198,MODIS,0.3512,-0.0314,28.1,0.1,0.355
Dharwad,2010-04,4,0.355,MODIS,0.3198,0.0352,29.2,21.3,0.3832
Dharwad,2010-05,5,0.3832,MODIS,0.355,0.0282,28.5,20.7,0.2994
Dharwad,2010-06,6,0.2994,MODIS,0.3832,-0.0838,25,165,0.2363
Dharwad,2010-07,7,0.2363,MODIS,0.2994,-0.0631,22.8,298.4,0.3362
Dharwad,2010-08,8,0.3362,MODIS,0.2363,0.0999,23.1,178.3,0.5027
Dharwad,2010-09,9,0.5027,MODIS,0.3362,0.1665,23.3,170.1,0.4516
Dharwad,2010-10,10,0.4516,MODIS,0.5027,-0.0511,23.4,85.8,0.4476
Dharwad,2010-11,11,0.4476,MODIS,0.4516,-0.004,22.7,120.6,0.4449
Dharwad,2010-12,12,0.4449,MODIS,0.4476,-0.0027,21.5,4.4,0.3758
Dharwad,2011-01,1,0.3758,MODIS,0.4449,-0.0691,21.8,0.1,0.3405
Dharwad,2011-02,2,0.3405,MODIS,0.3758,-0.0353,23,0.6,0.3408
Dharwad,2011-03,3,0.3408,MODIS,0.3405,0.0003,27.1,0.1,0.3844
Dharwad,2011-04,4,0.3844,MODIS,0.3408,0.0436,27.4,26.8,0.3811
Dharwad,2011-05,5,0.3811,MODIS,0.3844,-0.0033,27.3,45.5,0.2758
Dharwad,2011-06,6,0.2758,MODIS,0.3811,-0.1053,23.4,143.7,0.3186
Dharwad,2011-07,7,0.3186,MODIS,0.2758,0.0428,22.6,259.3,0.2746
Dharwad,2011-08,8,0.2746,MODIS,0.3186,-0.044,22.5,361.2,0.4896
Dharwad,2011-09,9,0.4896,MODIS,0.2746,0.215,22.9,54.1,0.4778
Dharwad,2011-10,10,0.4778,MODIS,0.4896,-0.0118,24.3,99.4,0.4271
Dharwad,2011-11,11,0.4271,MODIS,0.4778,-0.0507,24,23.5,0.4016
Dharwad,2011-12,12,0.4016,MODIS,0.4271,-0.0255,23.2,0.1,0.3493
Dharwad,2012-01,1,0.3493,MODIS,0.4016,-0.0523,22.7,0.1,0.3211
Dharwad,2012-02,2,0.3211,MODIS,0.3493,-0.0282,25.4,0,0.3089
Dharwad,2012-03,3,0.3089,MODIS,0.3211,-0.0122,27.1,0.1,0.3428
Dharwad,2012-04,4,0.3428,MODIS,0.3089,0.0339,27.7,33.8,0.3425
Dharwad,2012-05,5,0.3425,MODIS,0.3428,-0.0003,27,40.9,0.289
Dharwad,2012-06,6,0.289,MODIS,0.3425,-0.0535,24.3,132.3,0.3237
Dharwad,2012-07,7,0.3237,MODIS,0.289,0.0347,22.9,124.3,0.3446
Dharwad,2012-08,8,0.3446,MODIS,0.3237,0.0209,22.7,141.5,0.4395
Dharwad,2012-09,9,0.4395,MODIS,0.3446,0.0949,22.9,104.2,0.4434
Dharwad,2012-10,10,0.4434,MODIS,0.4395,0.0039,24,62.4,0.4164
Dharwad,2012-11,11,0.4164,MODIS,0.4434,-0.027,22.6,98.9,0.3746
Dharwad,2012-12,12,0.3746,MODIS,0.4164,-0.0418,23.3,3.9,0.3605
Dharwad,2013-01,1,0.3605,MODIS,0.3746,-0.0141,23.6,0.1,0.3267
Dharwad,2013-02,2,0.3267,MODIS,0.3605,-0.0338,25.1,2.3,0.3584
Dharwad,2013-03,3,0.3584,MODIS,0.3267,0.0317,27.5,0.5,0.3411
Dharwad,2013-04,4,0.3411,MODIS,0.3584,-0.0173,28.1,16.3,0.3541
Dharwad,2013-05,5,0.3541,MODIS,0.3411,0.013,27.6,42.7,0.3141
Dharwad,2013-06,6,0.3141,MODIS,0.3541,-0.04,22.9,225.4,0.2274
Dharwad,2013-07,7,0.2274,MODIS,0.3141,-0.0867,22,329.6,0.3516
Dharwad,2013-08,8,0.3516,MODIS,0.2274,0.1242,22.6,89.9,0.457
Dharwad,2013-09,9,0.457,MODIS,0.3516,0.1054,22.9,189.8,0.4792
Dharwad,2013-10,10,0.4792,MODIS,0.457,0.0222,23.2,92,0.4315
Dharwad,2013-11,11,0.4315,MODIS,0.4792,-0.0477,22.7,4.9,0.3858
Dharwad,2013-12,12,0.3858,MODIS,0.4315,-0.0457,21.5,0.6,0.3242
Dharwad,2014-01,1,0.3242,MODIS,0.3858,-0.0616,22.9,0.2,0.3094
Dharwad,2014-02,2,0.3094,MODIS,0.3242,-0.0148,23.8,1.8,0.3328
Dharwad,2014-03,3,0.3328,MODIS,0.3094,0.0234,27,2.7,0.3725
Dharwad,2014-04,4,0.3725,MODIS,0.3328,0.0397,28.2,39.7,0.3972
Dharwad,2014-05,5,0.3972,MODIS,0.3725,0.0247,27.2,81,0.3608
Dharwad,2014-06,6,0.3608,MODIS,0.3972,-0.0364,25.3,54.2,0.2135
Dharwad,2014-07,7,0.2135,MODIS,0.3608,-0.1473,22.7,265.4,0.3374
Dharwad,2014-08,8,0.3374,MODIS,0.2135,0.1239,22.8,171.7,0.4535
Dharwad,2014-09,9,0.4535,MODIS,0.3374,0.1161,23.3,113.2,0.4635
Dharwad,2014-10,10,0.4635,MODIS,0.4535,0.01,23.9,131.7,0.4676
Dharwad,2014-11,11,0.4676,MODIS,0.4635,0.0041,22.5,60.3,0.437
Dharwad,2014-12,12,0.437,MODIS,0.4676,-0.0306,22.1,16.9,0.3718
Dharwad,2015-01,1,0.3718,MODIS,0.437,-0.0652,22,2.2,0.3308
Dharwad,2015-02,2,0.3308,MODIS,0.3718,-0.041,24.1,0,0.3884
Dharwad,2015-03,3,0.3884,MODIS,0.3308,0.0576,26.3,26.9,0.3738
Dharwad,2015-04,4,0.3738,MODIS,0.3884,-0.0146,27.7,18.4,0.4096
Dharwad,2015-05,5,0.4096,MODIS,0.3738,0.0358,27.6,68.8,0.4166
Dharwad,2015-06,6,0.4166,MODIS,0.4096,0.007,24.2,146,0.3686
Dharwad,2015-07,7,0.3686,MODIS,0.4166,-0.048,23.8,52.4,0.3612
Dharwad,2015-08,8,0.3612,MODIS,0.3686,-0.0074,23.9,56.6,0.4451
Dharwad,2015-09,9,0.4451,MODIS,0.3612,0.0839,24.1,116,0.4408
Dharwad,2015-10,10,0.4408,MODIS,0.4451,-0.0043,24.9,127.2,0.4139
Dharwad,2015-11,11,0.4139,MODIS,0.4408,-0.0269,24.7,34.4,0.2083
Dharwad,2015-12,12,0.2083,Sentinel2,0.4139,-0.2056,24.7,1,0.3327
Dharwad,2016-01,1,0.3327,MODIS,0.2083,0.1244,23.2,2,0.1692
Dharwad,2016-02,2,0.1692,Sentinel2,0.3327,-0.1635,26.1,0.1,0.1942
Dharwad,2016-03,3,0.1942,Sentinel2,0.1692,0.025,28.6,1.6,0.1629
Dharwad,2016-04,4,0.1629,Sentinel2,0.1942,-0.0313,29.5,9.8,0.1935
Dharwad,2016-05,5,0.1935,Sentinel2,0.1629,0.0306,28.2,47.2,0.3205
Dharwad,2016-06,6,0.3205,MODIS,0.1935,0.127,23.8,329.1,0.2496
Dharwad,2016-07,7,0.2496,MODIS,0.3205,-0.0709,22.8,239.1,0.4011
Dharwad,2016-08,8,0.4011,MODIS,0.2496,0.1515,23,106.5,0.3459
Dharwad,2016-09,9,0.3459,MODIS,0.4011,-0.0552,22.9,129.8,0.4109
Dharwad,2016-10,10,0.4109,MODIS,0.3459,0.065,23.5,20.6,0.2186
Dharwad,2016-11,11,0.2186,Sentinel2,0.4109,-0.1923,23.7,13,0.2055
Dharwad,2016-12,12,0.2055,Sentinel2,0.2186,-0.0131,23.3,5.5,0.1762
Dharwad,2017-01,1,0.1762,Sentinel2,0.2055,-0.0293,23.4,0.1,0.1694
Dharwad,2017-02,2,0.1694,Sentinel2,0.1762,-0.0068,25.7,0,0.1786
Dharwad,2017-03,3,0.1786,Sentinel2,0.1694,0.0092,27.4,0.3,0.177
Dharwad,2017-04,4,0.177,Sentinel2,0.1786,-0.0016,28.6,5.7,0.3674
Dharwad,2017-05,5,0.3674,MODIS,0.177,0.1904,28.1,32.1,0.2536
Dharwad,2017-06,6,0.2536,MODIS,0.3674,-0.1138,24,153.6,0.3453
Dharwad,2017-07,7,0.3453,MODIS,0.2536,0.0917,23.4,100.7,0.3066
Dharwad,2017-08,8,0.3066,MODIS,0.3453,-0.0387,23.3,112,0.3938
Dharwad,2017-09,9,0.3938,MODIS,0.3066,0.0872,23.7,294.7,0.4698
Dharwad,2017-10,10,0.4698,MODIS,0.3938,0.076,23.6,124.4,0.237
Dharwad,2017-11,11,0.237,Sentinel2,0.4698,-0.2328,23.5,15,0.2156
Dharwad,2017-12,12,0.2156,Sentinel2,0.237,-0.0214,22.6,3.5,0.1926
Dharwad,2018-01,1,0.1926,Sentinel2,0.2156,-0.023,23.1,0,0.1873
Dharwad,2018-02,2,0.1873,Sentinel2,0.1926,-0.0053,24.6,0.8,0.2058
Dharwad,2018-03,3,0.2058,Sentinel2,0.1873,0.0185,27.2,8.9,0.2109
Dharwad,2018-04,4,0.2109,Sentinel2,0.2058,0.0051,28.7,19.5,0.4174
Dharwad,2018-05,5,0.4174,MODIS,0.2109,0.2065,27.8,96.9,0.2459
Dharwad,2018-06,6,0.2459,MODIS,0.4174,-0.1715,23.7,259.3,0.1638
Dharwad,2018-07,7,0.1638,MODIS,0.2459,-0.0821,22.7,154.8,0.3363
Dharwad,2018-08,8,0.3363,MODIS,0.1638,0.1725,22.5,121,0.4248
Dharwad,2018-09,9,0.4248,MODIS,0.3363,0.0885,23.5,75.7,0.2382
Dharwad,2018-10,10,0.2382,Sentinel2,0.4248,-0.1866,24.9,66.7,0.2353
Dharwad,2018-11,11,0.2353,Sentinel2,0.2382,-0.0029,24.9,13.2,0.2943
Dharwad,2018-12,12,0.2943,Sentinel2,0.2353,0.059,23.4,4.9,0.2419
Dharwad,2019-01,1,0.2419,Sentinel2,0.2943,-0.0524,22.4,1.2,0.2001
Dharwad,2019-02,2,0.2001,Sentinel2,0.2419,-0.0418,25.5,0.4,0.1939
Dharwad,2019-03,3,0.1939,Sentinel2,0.2001,-0.0062,27.8,6.5,0.2243
Dharwad,2019-04,4,0.2243,Sentinel2,0.1939,0.0304,28.9,12.8,0.2463
Dharwad,2019-05,5,0.2463,Sentinel2,0.2243,0.022,28.6,11.1,0.2839
Dharwad,2019-06,6,0.2839,Sentinel2,0.2463,0.0376,25.2,145,0.1818
Dharwad,2019-07,7,0.1818,MODIS,0.2839,-0.1021,23.1,197.6,0.4164
Dharwad,2019-08,8,0.4164,MODIS,0.1818,0.2346,22.8,275.7,0.3459
Dharwad,2019-09,9,0.3459,Sentinel2,0.4164,-0.0705,23,171.6,0.2756
Dharwad,2019-10,10,0.2756,Sentinel2,0.3459,-0.0703,23.1,258.5,0.3062
Dharwad,2019-11,11,0.3062,Sentinel2,0.2756,0.0306,23.3,23.9,0.2997
Dharwad,2019-12,12,0.2997,Sentinel2,0.3062,-0.0065,22.9,13.2,0.2385
Dharwad,2020-01,1,0.2385,Sentinel2,0.2997,-0.0612,23.4,2.2,0.2002
Dharwad,2020-02,2,0.2002,Sentinel2,0.2385,-0.0383,24.7,1.1,0.2374
Dharwad,2020-03,3,0.2374,Sentinel2,0.2002,0.0372,26.8,1.4,0.2817
Dharwad,2020-04,4,0.2817,Sentinel2,0.2374,0.0443,28.1,21.5,0.2941
Dharwad,2020-05,5,0.2941,Sentinel2,0.2817,0.0124,28.6,24.7,0.3734
Dharwad,2020-06,6,0.3734,Sentinel2,0.2941,0.0793,24.1,135.9,0.3325
Dharwad,2020-07,7,0.3325,MODIS,0.3734,-0.0409,23.1,238,0.3489
Dharwad,2020-08,8,0.3489,MODIS,0.3325,0.0164,22.7,201.9,0.4501
Dharwad,2020-09,9,0.4501,MODIS,0.3489,0.1012,23.2,306.8,0.2982
Dharwad,2020-10,10,0.2982,Sentinel2,0.4501,-0.1519,23.3,115,0.3644
Dharwad,2020-11,11,0.3644,Sentinel2,0.2982,0.0662,23,6.6,0.2773
Dharwad,2020-12,12,0.2773,Sentinel2,0.3644,-0.0871,22.8,2.1,0.2331
Dharwad,2021-01,1,0.2331,Sentinel2,0.2773,-0.0442,23.5,14.6,0.2284
Dharwad,2021-02,2,0.2284,Sentinel2,0.2331,-0.0047,23.5,3.6,0.2281
Dharwad,2021-03,3,0.2281,Sentinel2,0.2284,-0.0003,27.2,0.2,0.2525
Dharwad,2021-04,4,0.2525,Sentinel2,0.2281,0.0244,28,15.3,0.2803
Dharwad,2021-05,5,0.2803,Sentinel2,0.2525,0.0278,26.1,118.4,0.3354
Dharwad,2021-06,6,0.3354,Sentinel2,0.2803,0.0551,23.5,159.8,0.343
Dharwad,2021-07,7,0.343,MODIS,0.3354,0.0076,22.8,350.9,0.4493
Dharwad,2021-08,8,0.4493,MODIS,0.343,0.1063,23.2,77.1,0.2989
Dharwad,2021-09,9,0.2989,Sentinel2,0.4493,-0.1504,22.9,129.1,0.3393
Dharwad,2021-10,10,0.3393,Sentinel2,0.2989,0.0404,23.9,111.4,0.362
Dharwad,2021-11,11,0.362,Sentinel2,0.3393,0.0227,23,94.4,0.297
Dharwad,2021-12,12,0.297,Sentinel2,0.362,-0.065,21.9,5.8,0.2793
Dharwad,2022-01,1,0.2793,Sentinel2,0.297,-0.0177,21.5,0.6,0.1813
Dharwad,2022-02,2,0.1813,Sentinel2,0.2793,-0.098,24.2,0,0.1908
Dharwad,2022-03,3,0.1908,Sentinel2,0.1813,0.0095,27.2,2.2,0.2069
Dharwad,2022-04,4,0.2069,Sentinel2,0.1908,0.0161,28.5,14.5,0.2132
Dharwad,2022-05,5,0.2132,Sentinel2,0.2069,0.0063,26.3,268.4,0.1623
Dharwad,2022-06,6,0.1623,MODIS,0.2132,-0.0509,24,133.4,0.0249
Dharwad,2022-07,7,0.0249,Sentinel2,0.1623,-0.1374,22.8,293.1,0.4102
Dharwad,2022-08,8,0.4102,MODIS,0.0249,0.3853,23,176.1,0.4173
Dharwad,2022-09,9,0.4173,MODIS,0.4102,0.0071,23.1,151.6,0.257
Dharwad,2022-10,10,0.257,Sentinel2,0.4173,-0.1603,22.8,132.3,0.2483
Dharwad,2022-11,11,0.2483,Sentinel2,0.257,-0.0087,23.4,10.2,0.2197
Dharwad,2022-12,12,0.2197,Sentinel2,0.2483,-0.0286,22.9,49.6,0.2017
Dharwad,2023-01,1,0.2017,Sentinel2,0.2197,-0.018,22.7,0.4,0.1911
Dharwad,2023-02,2,0.1911,Sentinel2,0.2017,-0.0106,25.3,0,0.2026
Dharwad,2023-03,3,0.2026,Sentinel2,0.1911,0.0115,26.4,1.9,0.2035
Dharwad,2023-04,4,0.2035,Sentinel2,0.2026,0.0009,28.3,9.8,0.2264
Dharwad,2023-05,5,0.2264,Sentinel2,0.2035,0.0229,28.1,45.2,0.1882
Dharwad,2023-06,6,0.1882,Sentinel2,0.2264,-0.0382,26.3,59,0.1859
Dharwad,2023-07,7,0.1859,MODIS,0.1882,-0.0023,22.8,344.4,0.1761
Dharwad,2023-08,8,0.1761,Sentinel2,0.1859,-0.0098,23.8,40.8,0.3099
Dharwad,2023-09,9,0.3099,MODIS,0.1761,0.1338,23.8,91.8,0.1959
Dharwad,2023-10,10,0.1959,Sentinel2,0.3099,-0.114,25.7,26.4,0.2247
Dharwad,2023-11,11,0.2247,Sentinel2,0.1959,0.0288,25,65.6,0.213
Dharwad,2023-12,12,0.213,Sentinel2,0.2247,-0.0117,23.9,3.3,0.2018
Dharwad,2024-01,1,0.2018,Sentinel2,0.213,-0.0112,24,6.8,0.1783
Dharwad,2024-02,2,0.1783,Sentinel2,0.2018,-0.0235,26.2,0,0.1909
Dharwad,2024-03,3,0.1909,Sentinel2,0.1783,0.0126,28.5,0.1,0.2046
Dharwad,2024-04,4,0.2046,Sentinel2,0.1909,0.0137,30,9.5,0.1915
Dharwad,2024-05,5,0.1915,Sentinel2,0.2046,-0.0131,28.2,80.4,0.327
Dharwad,2024-06,6,0.327,MODIS,0.1915,0.1355,24.2,322.3,0.1708
Dharwad,2024-07,7,0.1708,MODIS,0.327,-0.1562,22.8,417.6,0.347
Dharwad,2024-08,8,0.347,MODIS,0.1708,0.1762,23.7,173.6,0.4181
Dharwad,2024-09,9,0.4181,MODIS,0.347,0.0711,23.4,101.8,0.2441
Dharwad,2024-10,10,0.2441,Sentinel2,0.4181,-0.174,23.9,231,0.2536
Dharwad,2024-11,11,0.2536,Sentinel2,0.2441,0.0095,22.8,11.5,0.2009
Dharwad,2024-12,12,0.2009,Sentinel2,0.2536,-0.0527,23,20.8,0.201
Dharwad,2025-01,1,0.201,Sentinel2,0.2009,0.0001,22.9,0,0.1904
Dharwad,2025-02,2,0.1904,Sentinel2,0.201,-0.0106,25.6,0,0.2073
Dharwad,2025-03,3,0.2073,Sentinel2,0.1904,0.0169,27.6,0.5,0.218
Dharwad,2025-04,4,0.218,Sentinel2,0.2073,0.0107,28,28.2,0.2249
Dharwad,2025-05,5,0.2249,Sentinel2,0.218,0.0069,25.4,309.8,0.3158
Dharwad,2025-06,6,0.3158,MODIS,0.2249,0.0909,23.7,180.7,0.1368
Dharwad,2025-07,7,0.1368,MODIS,0.3158,-0.179,22.8,206.3,0.3332
Dharwad,2025-08,8,0.3332,MODIS,0.1368,0.1964,22.6,228.4,0.4641
Dharwad,2025-09,9,0.4641,MODIS,0.3332,0.1309,22.7,109.8,0.2588
Dharwad,2025-10,10,0.2588,Sentinel2,0.4641,-0.2053,23.4,78.1,0.2478
Dharwad,2025-11,11,0.2478,Sentinel2,0.2588,-0.011,22.5,4.1,0.2217
Hubli,2010-01,1,0.4572,MODIS,,,23.3,13,0.3793
Hubli,2010-02,2,0.3793,MODIS,0.4572,-0.0779,25.9,0.4,0.3348
Hubli,2010-03,3,0.3348,MODIS,0.3793,-0.0445,28.4,0.2,0.3483
Hubli,2010-04,4,0.3483,MODIS,0.3348,0.0135,29.4,21.4,0.4078
Hubli,2010-05,5,0.4078,MODIS,0.3483,0.0595,28.7,20.8,0.2725
Hubli,2010-06,6,0.2725,MODIS,0.4078,-0.1353,25.2,165.6,0.3665
Hubli,2010-07,7,0.3665,MODIS,0.2725,0.094,22.9,287.3,0.4008
Hubli,2010-08,8,0.4008,MODIS,0.3665,0.0343,23.2,189.7,0.5247
Hubli,2010-09,9,0.5247,MODIS,0.4008,0.1239,23.4,167.9,0.5003
Hubli,2010-10,10,0.5003,MODIS,0.5247,-0.0244,23.6,80.1,0.5193
Hubli,2010-11,11,0.5193,MODIS,0.5003,0.019,22.9,117.3,0.457
Hubli,2010-12,12,0.457,MODIS,0.5193,-0.0623,21.7,4.6,0.3745
Hubli,2011-01,1,0.3745,MODIS,0.457,-0.0825,22,0.1,0.3438
Hubli,2011-02,2,0.3438,MODIS,0.3745,-0.0307,23.3,0.7,0.3327
Hubli,2011-03,3,0.3327,MODIS,0.3438,-0.0111,27.4,0.1,0.347
Hubli,2011-04,4,0.347,MODIS,0.3327,0.0143,27.6,31.5,0.3513
Hubli,2011-05,5,0.3513,MODIS,0.347,0.0043,27.5,49.5,0.2894
Hubli,2011-06,6,0.2894,MODIS,0.3513,-0.0619,23.5,140.6,0.2941
Hubli,2011-07,7,0.2941,MODIS,0.2894,0.0047,22.7,243.9,0.391
Hubli,2011-08,8,0.391,MODIS,0.2941,0.0969,22.6,343.7,0.5152
Hubli,2011-09,9,0.5152,MODIS,0.391,0.1242,23.1,56.3,0.5261
Hubli,2011-10,10,0.5261,MODIS,0.5152,0.0109,24.4,103.2,0.4571
Hubli,2011-11,11,0.4571,MODIS,0.5261,-0.069,23.9,21.1,0.3837
Hubli,2011-12,12,0.3837,MODIS,0.4571,-0.0734,23.3,0.2,0.3459
Hubli,2012-01,1,0.3459,MODIS,0.3837,-0.0378,22.9,0.1,0.3111
Hubli,2012-02,2,0.3111,MODIS,0.3459,-0.0348,25.7,0,0.3052
Hubli,2012-03,3,0.3052,MODIS,0.3111,-0.0059,27.4,0.1,0.3363
Hubli,2012-04,4,0.3363,MODIS,0.3052,0.0311,27.9,36.3,0.3356
Hubli,2012-05,5,0.3356,MODIS,0.3363,-0.0007,27.1,41.7,0.2568
Hubli,2012-06,6,0.2568,MODIS,0.3356,-0.0788,24.4,133.8,0.2661
Hubli,2012-07,7,0.2661,MODIS,0.2568,0.0093,23.1,124.4,0.2593
Hubli,2012-08,8,0.2593,MODIS,0.2661,-0.0068,22.9,146.9,0.4345
Hubli,2012-09,9,0.4345,MODIS,0.2593,0.1752,23.1,120.9,0.4656
Hubli,2012-10,10,0.4656,MODIS,0.4345,0.0311,24.2,59.1,0.4554
Hubli,2012-11,11,0.4554,MODIS,0.4656,-0.0102,22.8,109.4,0.3824
Hubli,2012-12,12,0.3824,MODIS,0.4554,-0.073,23.4,3.4,0.3365
Hubli,2013-01,1,0.3365,MODIS,0.3824,-0.0459,23.9,0,0.3242
Hubli,2013-02,2,0.3242,MODIS,0.3365,-0.0123,25.3,3.4,0.3283
Hubli,2013-03,3,0.3283,MODIS,0.3242,0.0041,27.8,0.7,0.315
Hubli,2013-04,4,0.315,MODIS,0.3283,-0.0133,28.3,20.3,0.3482
Hubli,2013-05,5,0.3482,MODIS,0.315,0.0332,27.7,43.1,0.3535
Hubli,2013-06,6,0.3535,MODIS,0.3482,0.0053,23,228.2,0.1648
Hubli,2013-07,7,0.1648,MODIS,0.3535,-0.1887,22.1,328.8,0.3003
Hubli,2013-08,8,0.3003,MODIS,0.1648,0.1355,22.8,90.6,0.4148
Hubli,2013-09,9,0.4148,MODIS,0.3003,0.1145,23,186.6,0.465
Hubli,2013-10,10,0.465,MODIS,0.4148,0.0502,23.4,94.9,0.4323
Hubli,2013-11,11,0.4323,MODIS,0.465,-0.0327,22.9,5.4,0.3816
Hubli,2013-12,12,0.3816,MODIS,0.4323,-0.0507,21.7,0.4,0.3226
Hubli,2014-01,1,0.3226,MODIS,0.3816,-0.059,23.2,0.2,0.3143
Hubli,2014-02,2,0.3143,MODIS,0.3226,-0.0083,24.2,2.5,0.3225
Hubli,2014-03,3,0.3225,MODIS,0.3143,0.0082,27.3,2.4,0.3494
Hubli,2014-04,4,0.3494,MODIS,0.3225,0.0269,28.4,44.4,0.4329
Hubli,2014-05,5,0.4329,MODIS,0.3494,0.0835,27.4,83.1,0.3988
Hubli,2014-06,6,0.3988,MODIS,0.4329,-0.0341,25.4,59.2,0.2295
Hubli,2014-07,7,0.2295,MODIS,0.3988,-0.1693,22.8,252.8,0.3588
Hubli,2014-08,8,0.3588,MODIS,0.2295,0.1293,22.9,168.6,0.5103
Hubli,2014-09,9,0.5103,MODIS,0.3588,0.1515,23.5,115,0.4883
Hubli,2014-10,10,0.4883,MODIS,0.5103,-0.022,24.1,131.5,0.4612
Hubli,2014-11,11,0.4612,MODIS,0.4883,-0.0271,22.8,59.7,0.4116
Hubli,2014-12,12,0.4116,MODIS,0.4612,-0.0496,22.3,14,0.3625
Hubli,2015-01,1,0.3625,MODIS,0.4116,-0.0491,22.3,2.4,0.3264
Hubli,2015-02,2,0.3264,MODIS,0.3625,-0.0361,24.3,0,0.3859
Hubli,2015-03,3,0.3859,MODIS,0.3264,0.0595,26.6,31.4,0.3419
Hubli,2015-04,4,0.3419,MODIS,0.3859,-0.044,27.8,22.2,0.3652
Hubli,2015-05,5,0.3652,MODIS,0.3419,0.0233,27.7,79.5,0.2554
Hubli,2015-06,6,0.2554,MODIS,0.3652,-0.1098,24.4,150.4,0.3018
Hubli,2015-07,7,0.3018,MODIS,0.2554,0.0464,23.9,62.6,0.388
Hubli,2015-08,8,0.388,MODIS,0.3018,0.0862,24,61.8,0.4528
Hubli,2015-09,9,0.4528,MODIS,0.388,0.0648,24.3,102.9,0.4097
Hubli,2015-10,10,0.4097,MODIS,0.4528,-0.0431,25,125.1,0.3831
Hubli,2015-11,11,0.3831,MODIS,0.4097,-0.0266,24.7,35.4,0.1941
Hubli,2015-12,12,0.1941,Sentinel2,0.3831,-0.189,24.9,0.9,0.3056
Hubli,2016-01,1,0.3056,MODIS,0.1941,0.1115,23.4,1.9,0.166
Hubli,2016-02,2,0.166,Sentinel2,0.3056,-0.1396,26.4,0.1,0.1803
Hubli,2016-03,3,0.1803,Sentinel2,0.166,0.0143,28.8,1.9,0.1732
Hubli,2016-04,4,0.1732,Sentinel2,0.1803,-0.0071,29.7,7.9,0.1762
Hubli,2016-05,5,0.1762,Sentinel2,0.1732,0.003,28.4,45.7,0.1287
Hubli,2016-06,6,0.1287,MODIS,0.1762,-0.0475,23.9,341.4,0.2474
Hubli,2016-07,7,0.2474,MODIS,0.1287,0.1187,22.9,233.9,0.2761
Hubli,2016-08,8,0.2761,MODIS,0.2474,0.0287,23.1,104.9,0.3858
Hubli,2016-09,9,0.3858,MODIS,0.2761,0.1097,23.1,126.6,0.3624
Hubli,2016-10,10,0.3624,MODIS,0.3858,-0.0234,23.7,20.9,0.355
Hubli,2016-11,11,0.355,MODIS,0.3624,-0.0074,24,12.2,0.2009
Hubli,2016-12,12,0.2009,Sentinel2,0.355,-0.1541,23.6,7.4,0.1884
Hubli,2017-01,1,0.1884,Sentinel2,0.2009,-0.0125,23.8,0.1,0.1742
Hubli,2017-02,2,0.1742,Sentinel2,0.1884,-0.0142,26,0,0.1762
Hubli,2017-03,3,0.1762,Sentinel2,0.1742,0.002,27.6,1,0.1794
Hubli,2017-04,4,0.1794,Sentinel2,0.1762,0.0032,28.8,3.8,0.3526
Hubli,2017-05,5,0.3526,MODIS,0.1794,0.1732,28.4,36.1,0.2671
Hubli,2017-06,6,0.2671,MODIS,0.3526,-0.0855,24.1,152.2,0.3475
Hubli,2017-07,7,0.3475,MODIS,0.2671,0.0804,23.5,105.2,0.3279
Hubli,2017-08,8,0.3279,MODIS,0.3475,-0.0196,23.5,121,0.4557
Hubli,2017-09,9,0.4557,MODIS,0.3279,0.1278,23.8,303.4,0.4892
Hubli,2017-10,10,0.4892,MODIS,0.4557,0.0335,23.8,136.7,0.2424
Hubli,2017-11,11,0.2424,Sentinel2,0.4892,-0.2468,23.7,12.8,0.2116
Hubli,2017-12,12,0.2116,Sentinel2,0.2424,-0.0308,22.9,4.2,0.1898
Hubli,2018-01,1,0.1898,Sentinel2,0.2116,-0.0218,23.4,0.1,0.1845
Hubli,2018-02,2,0.1845,Sentinel2,0.1898,-0.0053,25,1.1,0.1978
Hubli,2018-03,3,0.1978,Sentinel2,0.1845,0.0133,27.5,11.7,0.2082
Hubli,2018-04,4,0.2082,Sentinel2,0.1978,0.0104,28.9,21.2,0.4101
Hubli,2018-05,5,0.4101,MODIS,0.2082,0.2019,28,93.7,0.331
Hubli,2018-06,6,0.331,MODIS,0.4101,-0.0791,23.8,274.3,0.2087
Hubli,2018-07,7,0.2087,MODIS,0.331,-0.1223,22.8,160.5,0.3026
Hubli,2018-08,8,0.3026,MODIS,0.2087,0.0939,22.6,130,0.4362
Hubli,2018-09,9,0.4362,MODIS,0.3026,0.1336,23.7,76.3,0.4134
Hubli,2018-10,10,0.4134,MODIS,0.4362,-0.0228,25.1,67.6,0.2315
Hubli,2018-11,11,0.2315,Sentinel2,0.4134,-0.1819,24.9,14.8,0.2502
Hubli,2018-12,12,0.2502,Sentinel2,0.2315,0.0187,23.7,4.6,0.2243
Hubli,2019-01,1,0.2243,Sentinel2,0.2502,-0.0259,22.8,1.4,0.2086
Hubli,2019-02,2,0.2086,Sentinel2,0.2243,-0.0157,25.8,0.4,0.1773
Hubli,2019-03,3,0.1773,Sentinel2,0.2086,-0.0313,28,6.8,0.2463
Hubli,2019-04,4,0.2463,Sentinel2,0.1773,0.069,29.2,13.4,0.2311
Hubli,2019-05,5,0.2311,Sentinel2,0.2463,-0.0152,28.8,13.1,0.1726
Hubli,2019-06,6,0.1726,Sentinel2,0.2311,-0.0585,25.4,150,0.2634
Hubli,2019-07,7,0.2634,MODIS,0.1726,0.0908,23.2,197.7,0.4225
Hubli,2019-08,8,0.4225,MODIS,0.2634,0.1591,22.9,273.9,0.433
Hubli,2019-09,9,0.433,MODIS,0.4225,0.0105,23.2,169.2,0.3521
Hubli,2019-10,10,0.3521,Sentinel2,0.433,-0.0809,23.4,272.3,0.3454
Hubli,2019-11,11,0.3454,Sentinel2,0.3521,-0.0067,23.5,26.3,0.2813
Hubli,2019-12,12,0.2813,Sentinel2,0.3454,-0.0641,23,14.7,0.2206
Hubli,2020-01,1,0.2206,Sentinel2,0.2813,-0.0607,23.4,2.6,0.1835
Hubli,2020-02,2,0.1835,Sentinel2,0.2206,-0.0371,24.8,0.9,0.2005
Hubli,2020-03,3,0.2005,Sentinel2,0.1835,0.017,27.1,1.3,0.2726
Hubli,2020-04,4,0.2726,Sentinel2,0.2005,0.0721,28.3,23.1,0.2769
Hubli,2020-05,5,0.2769,Sentinel2,0.2726,0.0043,28.7,25.4,0.1998
Hubli,2020-06,6,0.1998,Sentinel2,0.2769,-0.0771,24.3,143.5,0.2766
Hubli,2020-07,7,0.2766,MODIS,0.1998,0.0768,23.3,245.9,0.4361
Hubli,2020-08,8,0.4361,MODIS,0.2766,0.1595,22.8,197.5,0.3473
Hubli,2020-09,9,0.3473,MODIS,0.4361,-0.0888,23.4,278.1,0.356
Hubli,2020-10,10,0.356,Sentinel2,0.3473,0.0087,23.4,113.6,0.2863
Hubli,2020-11,11,0.2863,Sentinel2,0.356,-0.0697,23.1,7.9,0.2864
Hubli,2020-12,12,0.2864,Sentinel2,0.2863,0.0001,22.8,1.9,0.264
Hubli,2021-01,1,0.264,Sentinel2,0.2864,-0.0224,23.6,15.2,0.2543
Hubli,2021-02,2,0.2543,Sentinel2,0.264,-0.0097,23.8,4.2,0.2429
Hubli,2021-03,3,0.2429,Sentinel2,0.2543,-0.0114,27.5,0.2,0.2329
Hubli,2021-04,4,0.2329,Sentinel2,0.2429,-0.01,28.2,18.1,0.2812
Hubli,2021-05,5,0.2812,Sentinel2,0.2329,0.0483,26.2,116.8,0.3764
Hubli,2021-06,6,0.3764,MODIS,0.2812,0.0952,23.7,151.6,0.4263
Hubli,2021-07,7,0.4263,MODIS,0.3764,0.0499,22.9,344.8,0.4414
Hubli,2021-08,8,0.4414,MODIS,0.4263,0.0151,23.3,77.4,0.4063
Hubli,2021-09,9,0.4063,Sentinel2,0.4414,-0.0351,23,128,0.3715
Hubli,2021-10,10,0.3715,Sentinel2,0.4063,-0.0348,24,115.4,0.4699
Hubli,2021-11,11,0.4699,MODIS,0.3715,0.0984,23,106.4,0.2818
Hubli,2021-12,12,0.2818,Sentinel2,0.4699,-0.1881,21.8,7.4,0.2658
Hubli,2022-01,1,0.2658,Sentinel2,0.2818,-0.016,21.6,0.8,0.1906
Hubli,2022-02,2,0.1906,Sentinel2,0.2658,-0.0752,24.3,0,0.1981
Hubli,2022-03,3,0.1981,Sentinel2,0.1906,0.0075,27.3,2.1,0.2371
Hubli,2022-04,4,0.2371,Sentinel2,0.1981,0.039,28.7,15.2,0.2617
Hubli,2022-05,5,0.2617,Sentinel2,0.2371,0.0246,26.4,256.2,0.2163
Hubli,2022-06,6,0.2163,MODIS,0.2617,-0.0454,24.2,134.7,0.2793
Hubli,2022-07,7,0.2793,Sentinel2,0.2163,0.063,22.9,287.5,0.2631
Hubli,2022-08,8,0.2631,MODIS,0.2793,-0.0162,23.1,184.7,0.4414
Hubli,2022-09,9,0.4414,MODIS,0.2631,0.1783,23.2,147.3,0.2808
Hubli,2022-10,10,0.2808,Sentinel2,0.4414,-0.1606,22.9,134.7,0.2199
Hubli,2022-11,11,0.2199,Sentinel2,0.2808,-0.0609,23.3,11.3,0.2153
Hubli,2022-12,12,0.2153,Sentinel2,0.2199,-0.0046,22.9,44.7,0.2106
Hubli,2023-01,1,0.2106,Sentinel2,0.2153,-0.0047,22.8,0.4,0.195
Hubli,2023-02,2,0.195,Sentinel2,0.2106,-0.0156,25.5,0,0.189
Hubli,2023-03,3,0.189,Sentinel2,0.195,-0.006,26.6,1.5,0.1955
Hubli,2023-04,4,0.1955,Sentinel2,0.189,0.0065,28.5,14.2,0.2094
Hubli,2023-05,5,0.2094,Sentinel2,0.1955,0.0139,28.3,46.7,0.1581
Hubli,2023-06,6,0.1581,Sentinel2,0.2094,-0.0513,26.3,67.1,0.2144
Hubli,2023-07,7,0.2144,MODIS,0.1581,0.0563,22.9,330.8,0.4
Hubli,2023-08,8,0.4,MODIS,0.2144,0.1856,23.9,41.9,0.4043
Hubli,2023-09,9,0.4043,MODIS,0.4,0.0043,23.9,91.3,0.2478
Hubli,2023-10,10,0.2478,Sentinel2,0.4043,-0.1565,25.7,27.3,0.2484
Hubli,2023-11,11,0.2484,Sentinel2,0.2478,0.0006,25,65.9,0.2271
Hubli,2023-12,12,0.2271,Sentinel2,0.2484,-0.0213,24,4.2,0.1943
Hubli,2024-01,1,0.1943,Sentinel2,0.2271,-0.0328,24.3,7.2,0.1818
Hubli,2024-02,2,0.1818,Sentinel2,0.1943,-0.0125,26.5,0,0.1899
Hubli,2024-03,3,0.1899,Sentinel2,0.1818,0.0081,28.8,0.1,0.2006
Hubli,2024-04,4,0.2006,Sentinel2,0.1899,0.0107,30.3,12.6,0.2225
Hubli,2024-05,5,0.2225,Sentinel2,0.2006,0.0219,28.3,82.5,0.3334
Hubli,2024-06,6,0.3334,MODIS,0.2225,0.1109,24.3,317.3,0.1608
Hubli,2024-07,7,0.1608,MODIS,0.3334,-0.1726,22.9,437.9,0.322
Hubli,2024-08,8,0.322,MODIS,0.1608,0.1612,23.8,182.9,0.4484
Hubli,2024-09,9,0.4484,MODIS,0.322,0.1264,23.5,106.4,0.283
Hubli,2024-10,10,0.283,Sentinel2,0.4484,-0.1654,24,232.7,0.2693
Hubli,2024-11,11,0.2693,Sentinel2,0.283,-0.0137,22.8,11.3,0.2377
Hubli,2024-12,12,0.2377,Sentinel2,0.2693,-0.0316,23,21.6,0.2174
Hubli,2025-01,1,0.2174,Sentinel2,0.2377,-0.0203,23,0,0.1972
Hubli,2025-02,2,0.1972,Sentinel2,0.2174,-0.0202,25.8,0,0.2046
Hubli,2025-03,3,0.2046,Sentinel2,0.1972,0.0074,27.8,0.6,0.2012
Hubli,2025-04,4,0.2012,Sentinel2,0.2046,-0.0034,28.1,34.1,0.2124
Hubli,2025-05,5,0.2124,Sentinel2,0.2012,0.0112,25.5,296.6,0.3256
Hubli,2025-06,6,0.3256,MODIS,0.2124,0.1132,23.8,180.2,0.1882
Hubli,2025-07,7,0.1882,MODIS,0.3256,-0.1374,22.9,215.3,0.2676
Hubli,2025-08,8,0.2676,MODIS,0.1882,0.0794,22.7,228.7,0.456
Hubli,2025-09,9,0.456,MODIS,0.2676,0.1884,22.8,107.7,0.2772
Hubli,2025-10,10,0.2772,MODIS,0.456,-0.1788,23.5,79.8,0.2434
Hubli,2025-11,11,0.2434,Sentinel2,0.2772,-0.0338,22.5,4.2,0.2274
Raichur,2010-01,1,0.3446,MODIS,,,23.8,40.3,0.3196
Raichur,2010-02,2,0.3196,MODIS,0.3446,-0.025,27.1,0.2,0.3059
Raichur,2010-03,3,0.3059,MODIS,0.3196,-0.0137,30.6,0,0.2724
Raichur,2010-04,4,0.2724,MODIS,0.3059,-0.0335,33.1,4.2,0.3026
Raichur,2010-05,5,0.3026,MODIS,0.2724,0.0302,33.9,4.4,0.2989
Raichur,2010-06,6,0.2989,MODIS,0.3026,-0.0037,29.4,134.1,0.3659
Raichur,2010-07,7,0.3659,MODIS,0.2989,0.067,25.9,282.5,0.3714
Raichur,2010-08,8,0.3714,MODIS,0.3659,0.0055,26,220.9,0.4642
Raichur,2010-09,9,0.4642,MODIS,0.3714,0.0928,25.9,147.6,0.4528
Raichur,2010-10,10,0.4528,MODIS,0.4642,-0.0114,25.5,80.8,0.4052
Raichur,2010-11,11,0.4052,MODIS,0.4528,-0.0476,24.6,60.7,0.3582
Raichur,2010-12,12,0.3582,MODIS,0.4052,-0.047,23.1,6.9,0.3168
Raichur,2011-01,1,0.3168,MODIS,0.3582,-0.0414,23.7,0.3,0.2993
Raichur,2011-02,2,0.2993,MODIS,0.3168,-0.0175,25.8,3.1,0.2919
Raichur,2011-03,3,0.2919,MODIS,0.2993,-0.0074,30.1,0,0.2906
Raichur,2011-04,4,0.2906,MODIS,0.2919,-0.0013,31.3,8.9,0.2698
Raichur,2011-05,5,0.2698,MODIS,0.2906,-0.0208,33.2,18.2,0.3019
Raichur,2011-06,6,0.3019,MODIS,0.2698,0.0321,28.3,89.8,0.2109
Raichur,2011-07,7,0.2109,MODIS,0.3019,-0.091,26.5,189.9,0.348
Raichur,2011-08,8,0.348,MODIS,0.2109,0.1371,25.8,202.2,0.414
Raichur,2011-09,9,0.414,MODIS,0.348,0.066,26.6,37.7,0.3895
Raichur,2011-10,10,0.3895,MODIS,0.414,-0.0245,26.8,87.6,0.3462
Raichur,2011-11,11,0.3462,MODIS,0.3895,-0.0433,26.2,11.5,0.3129
Raichur,2011-12,12,0.3129,MODIS,0.3462,-0.0333,24.5,0.9,0.2897
Raichur,2012-01,1,0.2897,MODIS,0.3129,-0.0232,24,6.5,0.2732
Raichur,2012-02,2,0.2732,MODIS,0.2897,-0.0165,26.3,0,0.2638
Raichur,2012-03,3,0.2638,MODIS,0.2732,-0.0094,29.4,1,0.278
Raichur,2012-04,4,0.278,MODIS,0.2638,0.0142,31.5,13,0.2927
Raichur,2012-05,5,0.2927,MODIS,0.278,0.0147,33.5,12.6,0.2152
Raichur,2012-06,6,0.2152,MODIS,0.2927,-0.0775,29.2,116.1,0.3003
Raichur,2012-07,7,0.3003,MODIS,0.2152,0.0851,26.7,124.2,0.3083
Raichur,2012-08,8,0.3083,MODIS,0.3003,0.008,26.9,102.1,0.4003
Raichur,2012-09,9,0.4003,MODIS,0.3083,0.092,26.9,116.7,0.3892
Raichur,2012-10,10,0.3892,MODIS,0.4003,-0.0111,25.8,110,0.3682
Raichur,2012-11,11,0.3682,MODIS,0.3892,-0.021,25.1,43.4,0.3245
Raichur,2012-12,12,0.3245,MODIS,0.3682,-0.0437,25.1,7.6,0.2854
Raichur,2013-01,1,0.2854,MODIS,0.3245,-0.0391,25.4,0.3,0.2921
Raichur,2013-02,2,0.2921,MODIS,0.2854,0.0067,26.7,8.9,0.2926
Raichur,2013-03,3,0.2926,MODIS,0.2921,0.0005,30.5,0.1,0.2691
Raichur,2013-04,4,0.2691,MODIS,0.2926,-0.0235,32.7,6.4,0.2738
Raichur,2013-05,5,0.2738,MODIS,0.2691,0.0047,34.1,16.6,0.2349
Raichur,2013-06,6,0.2349,MODIS,0.2738,-0.0389,27.1,139.8,0.3221
Raichur,2013-07,7,0.3221,MODIS,0.2349,0.0872,25.1,292.7,0.4088
Raichur,2013-08,8,0.4088,MODIS,0.3221,0.0867,25.6,110.6,0.4443
Raichur,2013-09,9,0.4443,MODIS,0.4088,0.0355,25.7,209.6,0.4241
Raichur,2013-10,10,0.4241,MODIS,0.4443,-0.0202,25.4,165.5,0.3741
Raichur,2013-11,11,0.3741,MODIS,0.4241,-0.05,23.2,23.9,0.3263
Raichur,2013-12,12,0.3263,MODIS,0.3741,-0.0478,22.1,0.5,0.2956
Raichur,2014-01,1,0.2956,MODIS,0.3263,-0.0307,23.6,0.1,0.2864
Raichur,2014-02,2,0.2864,MODIS,0.2956,-0.0092,25.4,2.9,0.3151
Raichur,2014-03,3,0.3151,MODIS,0.2864,0.0287,28.7,9.4,0.3049
Raichur,2014-04,4,0.3049,MODIS,0.3151,-0.0102,32.1,11.5,0.313
Raichur,2014-05,5,0.313,MODIS,0.3049,0.0081,31.4,94.2,0.3153
Raichur,2014-06,6,0.3153,MODIS,0.313,0.0023,30.4,52.7,0.2812
Raichur,2014-07,7,0.2812,MODIS,0.3153,-0.0341,26.6,239.8,0.3051
Raichur,2014-08,8,0.3051,MODIS,0.2812,0.0239,26.2,186.6,0.4243
Raichur,2014-09,9,0.4243,MODIS,0.3051,0.1192,26.2,71.9,0.409
Raichur,2014-10,10,0.409,MODIS,0.4243,-0.0153,27.1,102.7,0.379
Raichur,2014-11,11,0.379,MODIS,0.409,-0.03,24.8,22.1,0.3401
Raichur,2014-12,12,0.3401,MODIS,0.379,-0.0389,23.6,4.6,0.3191
Raichur,2015-01,1,0.3191,MODIS,0.3401,-0.021,23.2,5,0.2848
Raichur,2015-02,2,0.2848,MODIS,0.3191,-0.0343,25.4,1,0.2877
Raichur,2015-03,3,0.2877,MODIS,0.2848,0.0029,29,11,0.302
Raichur,2015-04,4,0.302,MODIS,0.2877,0.0143,30.3,52.5,0.2792
Raichur,2015-05,5,0.2792,MODIS,0.302,-0.0228,33.1,14.6,0.2731
Raichur,2015-06,6,0.2731,MODIS,0.2792,-0.0061,28.5,106,0.2362
Raichur,2015-07,7,0.2362,MODIS,0.2731,-0.0369,29.1,38.9,0.3366
Raichur,2015-08,8,0.3366,MODIS,0.2362,0.1004,27.7,96.6,0.4102
Raichur,2015-09,9,0.4102,MODIS,0.3366,0.0736,26.6,159.3,0.3816
Raichur,2015-10,10,0.3816,MODIS,0.4102,-0.0286,27.6,63.1,0.3474
Raichur,2015-11,11,0.3474,MODIS,0.3816,-0.0342,26.7,28.1,0.1677
Raichur,2015-12,12,0.1677,Sentinel2,0.3474,-0.1797,25.9,0.3,0.2894
Raichur,2016-01,1,0.2894,MODIS,0.1677,0.1217,25,7.5,0.2641
Raichur,2016-02,2,0.2641,MODIS,0.2894,-0.0253,28.3,0.1,0.1493
Raichur,2016-03,3,0.1493,Sentinel2,0.2641,-0.1148,31.4,0.5,0.2556
Raichur,2016-04,4,0.2556,MODIS,0.1493,0.1063,34.6,0.2,0.1469
Raichur,2016-05,5,0.1469,Sentinel2,0.2556,-0.1087,33.3,21,0.1942
Raichur,2016-06,6,0.1942,MODIS,0.1469,0.0473,27.4,292.2,0.3123
Raichur,2016-07,7,0.3123,MODIS,0.1942,0.1181,26.1,152.5,0.365
Raichur,2016-08,8,0.365,MODIS,0.3123,0.0527,26.3,91.2,0.3355
Raichur,2016-09,9,0.3355,MODIS,0.365,-0.0295,25.2,297.1,0.3692
Raichur,2016-10,10,0.3692,MODIS,0.3355,0.0337,25.6,10.9,0.3174
Raichur,2016-11,11,0.3174,MODIS,0.3692,-0.0518,25,1.9,0.1758
Raichur,2016-12,12,0.1758,Sentinel2,0.3174,-0.1416,23.9,7,0.1561
Raichur,2017-01,1,0.1561,Sentinel2,0.1758,-0.0197,24,0.1,0.1551
Raichur,2017-02,2,0.1551,Sentinel2,0.1561,-0.001,26.3,0,0.1629
Raichur,2017-03,3,0.1629,Sentinel2,0.1551,0.0078,29.4,2.1,0.1674
Raichur,2017-04,4,0.1674,Sentinel2,0.1629,0.0045,33,4,0.263
Raichur,2017-05,5,0.263,MODIS,0.1674,0.0956,34,9.7,0.2028
Raichur,2017-06,6,0.2028,MODIS,0.263,-0.0602,28.1,134.7,0.2411
Raichur,2017-07,7,0.2411,MODIS,0.2028,0.0383,27.4,109.3,0.3664
Raichur,2017-08,8,0.3664,MODIS,0.2411,0.1253,26.9,172.9,0.4083
Raichur,2017-09,9,0.4083,MODIS,0.3664,0.0419,26.5,217.2,0.391
Raichur,2017-10,10,0.391,MODIS,0.4083,-0.0173,25.7,169.9,0.2045
Raichur,2017-11,11,0.2045,Sentinel2,0.391,-0.1865,25.7,2.3,0.1799
Raichur,2017-12,12,0.1799,Sentinel2,0.2045,-0.0246,23.8,0.1,0.165
Raichur,2018-01,1,0.165,Sentinel2,0.1799,-0.0149,23.9,0,0.1577
Raichur,2018-02,2,0.1577,Sentinel2,0.165,-0.0073,25.3,0.1,0.1555
Raichur,2018-03,3,0.1555,Sentinel2,0.1577,-0.0022,28.9,3.8,0.1643
Raichur,2018-04,4,0.1643,Sentinel2,0.1555,0.0088,31.7,8.2,0.1548
Raichur,2018-05,5,0.1548,Sentinel2,0.1643,-0.0095,32.6,33.1,0.1739
Raichur,2018-06,6,0.1739,MODIS,0.1548,0.0191,27.7,128,0.1526
Raichur,2018-07,7,0.1526,MODIS,0.1739,-0.0213,26.4,138.9,0.2354
Raichur,2018-08,8,0.2354,MODIS,0.1526,0.0828,25.8,196.7,0.3566
Raichur,2018-09,9,0.3566,MODIS,0.2354,0.1212,26.7,66.6,0.1647
Raichur,2018-10,10,0.1647,Sentinel2,0.3566,-0.1919,27.5,43.1,0.1793
Raichur,2018-11,11,0.1793,Sentinel2,0.1647,0.0146,26.6,9.2,0.1806
Raichur,2018-12,12,0.1806,Sentinel2,0.1793,0.0013,24.6,1.4,0.1448
Raichur,2019-01,1,0.1448,Sentinel2,0.1806,-0.0358,23.1,14.1,0.1476
Raichur,2019-02,2,0.1476,Sentinel2,0.1448,0.0028,26.9,0.3,0.1329
Raichur,2019-03,3,0.1329,Sentinel2,0.1476,-0.0147,30.6,0.1,0.1567
Raichur,2019-04,4,0.1567,Sentinel2,0.1329,0.0238,32.8,2.6,0.1408
Raichur,2019-05,5,0.1408,Sentinel2,0.1567,-0.0159,34.2,4.9,0.0414
Raichur,2019-06,6,0.0414,Sentinel2,0.1408,-0.0994,30,117.6,0.2063
Raichur,2019-07,7,0.2063,MODIS,0.0414,0.1649,26.9,147.8,0.3144
Raichur,2019-08,8,0.3144,MODIS,0.2063,0.1081,26.2,177.9,0.3608
Raichur,2019-09,9,0.3608,MODIS,0.3144,0.0464,25.8,211.2,0.2216
Raichur,2019-10,10,0.2216,Sentinel2,0.3608,-0.1392,25.2,186,0.2774
Raichur,2019-11,11,0.2774,Sentinel2,0.2216,0.0558,24.9,17.7,0.2445
Raichur,2019-12,12,0.2445,Sentinel2,0.2774,-0.0329,23.7,18.2,0.185
Raichur,2020-01,1,0.185,Sentinel2,0.2445,-0.0595,25,5.7,0.1857
Raichur,2020-02,2,0.1857,Sentinel2,0.185,0.0007,25.9,1.8,0.1794
Raichur,2020-03,3,0.1794,Sentinel2,0.1857,-0.0063,29.2,3.1,0.2115
Raichur,2020-04,4,0.2115,Sentinel2,0.1794,0.0321,31.3,5.6,0.1869
Raichur,2020-05,5,0.1869,Sentinel2,0.2115,-0.0246,33.2,16.4,0.2127
Raichur,2020-06,6,0.2127,Sentinel2,0.1869,0.0258,28,148.7,0.3428
Raichur,2020-07,7,0.3428,MODIS,0.2127,0.1301,26.1,295,0.3265
Raichur,2020-08,8,0.3265,MODIS,0.3428,-0.0163,25.6,198.5,0.2103
Raichur,2020-09,9,0.2103,Sentinel2,0.3265,-0.1162,25.8,348.9,0.355
Raichur,2020-10,10,0.355,Sentinel2,0.2103,0.1447,25.5,199.8,0.2449
Raichur,2020-11,11,0.2449,Sentinel2,0.355,-0.1101,24.3,30,0.2363
Raichur,2020-12,12,0.2363,Sentinel2,0.2449,-0.0086,23.3,0.4,0.1978
Raichur,2021-01,1,0.1978,Sentinel2,0.2363,-0.0385,24.4,10.5,0.1908
Raichur,2021-02,2,0.1908,Sentinel2,0.1978,-0.007,24.5,0.9,0.1727
Raichur,2021-03,3,0.1727,Sentinel2,0.1908,-0.0181,28.3,0.1,0.1843
Raichur,2021-04,4,0.1843,Sentinel2,0.1727,0.0116,30.5,13.6,0.2107
Raichur,2021-05,5,0.2107,Sentinel2,0.1843,0.0264,30.7,45.8,0.2791
Raichur,2021-06,6,0.2791,Sentinel2,0.2107,0.0684,27.1,123,0.2735
Raichur,2021-07,7,0.2735,MODIS,0.2791,-0.0056,26,331.7,0.214
Raichur,2021-08,8,0.214,Sentinel2,0.2735,-0.0595,26.1,145.9,0.2464
Raichur,2021-09,9,0.2464,Sentinel2,0.214,0.0324,25.6,174.1,0.2811
Raichur,2021-10,10,0.2811,Sentinel2,0.2464,0.0347,25.9,59.3,0.3538
Raichur,2021-11,11,0.3538,MODIS,0.2811,0.0727,24.5,74.6,0.2219
Raichur,2021-12,12,0.2219,Sentinel2,0.3538,-0.1319,23.4,2.1,0.2099
Raichur,2022-01,1,0.2099,Sentinel2,0.2219,-0.012,23.3,6.2,0.1548
Raichur,2022-02,2,0.1548,Sentinel2,0.2099,-0.0551,25,0,0.1527
Raichur,2022-03,3,0.1527,Sentinel2,0.1548,-0.0021,28.8,0.6,0.1658
Raichur,2022-04,4,0.1658,Sentinel2,0.1527,0.0131,31.6,2.5,0.168
Raichur,2022-05,5,0.168,Sentinel2,0.1658,0.0022,30.3,80.3,0.1851
Raichur,2022-06,6,0.1851,Sentinel2,0.168,0.0171,28.6,103.7,0.2311
Raichur,2022-07,7,0.2311,Sentinel2,0.1851,0.046,25.4,267.1,0.3082
Raichur,2022-08,8,0.3082,MODIS,0.2311,0.0771,26,175.1,0.3981
Raichur,2022-09,9,0.3981,MODIS,0.3082,0.0899,25.7,151.2,0.2343
Raichur,2022-10,10,0.2343,Sentinel2,0.3981,-0.1638,24.5,135.2,0.2167
Raichur,2022-11,11,0.2167,Sentinel2,0.2343,-0.0176,24,6.4,0.168
Raichur,2022-12,12,0.168,Sentinel2,0.2167,-0.0487,23.8,47,0.1686
Raichur,2023-01,1,0.1686,Sentinel2,0.168,0.0006,23,0.5,0.1532
Raichur,2023-02,2,0.1532,Sentinel2,0.1686,-0.0154,25.3,0,0.1545
Raichur,2023-03,3,0.1545,Sentinel2,0.1532,0.0013,27.1,27.4,0.1578
Raichur,2023-04,4,0.1578,Sentinel2,0.1545,0.0033,30.8,48,0.1839
Raichur,2023-05,5,0.1839,Sentinel2,0.1578,0.0261,31.4,14.9,0.1845
Raichur,2023-06,6,0.1845,Sentinel2,0.1839,0.0006,31.2,25.8,0.2336
Raichur,2023-07,7,0.2336,MODIS,0.1845,0.0491,26.2,384.7,0.3816
Raichur,2023-08,8,0.3816,MODIS,0.2336,0.148,27.4,23.7,0.3869
Raichur,2023-09,9,0.3869,MODIS,0.3816,0.0053,26.6,141,0.1792
Raichur,2023-10,10,0.1792,Sentinel2,0.3869,-0.2077,27.5,4,0.1872
Raichur,2023-11,11,0.1872,Sentinel2,0.1792,0.008,26.5,49.3,0.1659
Raichur,2023-12,12,0.1659,Sentinel2,0.1872,-0.0213,24.5,3.7,0.1387
Raichur,2024-01,1,0.1387,Sentinel2,0.1659,-0.0272,25.2,0,0.1339
Raichur,2024-02,2,0.1339,Sentinel2,0.1387,-0.0048,27,0.5,0.1365
Raichur,2024-03,3,0.1365,Sentinel2,0.1339,0.0026,30.5,0.1,0.1387
Raichur,2024-04,4,0.1387,Sentinel2,0.1365,0.0022,33.7,0.6,0.1492
Raichur,2024-05,5,0.1492,Sentinel2,0.1387,0.0105,32.5,51.7,0.3439
Raichur,2024-06,6,0.3439,MODIS,0.1492,0.1947,27.5,225,0.213
Raichur,2024-07,7,0.213,MODIS,0.3439,-0.1309,26.2,228.5,0.3534
Raichur,2024-08,8,0.3534,MODIS,0.213,0.1404,26.5,180.9,0.4167
Raichur,2024-09,9,0.4167,MODIS,0.3534,0.0633,25.7,188.9,0.224
Raichur,2024-10,10,0.224,Sentinel2,0.4167,-0.1927,25.9,117.3,0.2007
Raichur,2024-11,11,0.2007,Sentinel2,0.224,-0.0233,24.3,9.9,0.167
Raichur,2024-12,12,0.167,Sentinel2,0.2007,-0.0337,24.3,14.6,0.1643
Raichur,2025-01,1,0.1643,Sentinel2,0.167,-0.0027,23.4,0.3,0.1465
Raichur,2025-02,2,0.1465,Sentinel2,0.1643,-0.0178,26.2,0,0.1545
Raichur,2025-03,3,0.1545,Sentinel2,0.1465,0.008,28.6,0.1,0.1336
Raichur,2025-04,4,0.1336,Sentinel2,0.1545,-0.0209,30.6,29.1,0.1511
Raichur,2025-05,5,0.1511,Sentinel2,0.1336,0.0175,29.1,166.9,0.1362
Raichur,2025-06,6,0.1362,Sentinel2,0.1511,-0.0149,27.3,102.4,0.2008
Raichur,2025-07,7,0.2008,MODIS,0.1362,0.0646,26.1,183.7,0.3659
Raichur,2025-08,8,0.3659,MODIS,0.2008,0.1651,25.3,270.3,0.4116
Raichur,2025-09,9,0.4116,MODIS,0.3659,0.0457,25,217.5,0.2409
Raichur,2025-10,10,0.2409,Sentinel2,0.4116,-0.1707,25.1,122.8,0.2127
Raichur,2025-11,11,0.2127,Sentinel2,0.2409,-0.0282,23.4,5.8,0.1733
Koppal,2010-01,1,0.3479,MODIS,,,23.3,11.1,0.3227
Koppal,2010-02,2,0.3227,MODIS,0.3479,-0.0252,26.3,0.4,0.2841
Koppal,2010-03,3,0.2841,MODIS,0.3227,-0.0386,29.1,0.1,0.2859
Koppal,2010-04,4,0.2859,MODIS,0.2841,0.0018,30.9,7.5,0.3127
Koppal,2010-05,5,0.3127,MODIS,0.2859,0.0268,30.6,6.7,0.325
Koppal,2010-06,6,0.325,MODIS,0.3127,0.0123,26.8,118.4,0.2379
Koppal,2010-07,7,0.2379,MODIS,0.325,-0.0871,24.3,196,0.368
Koppal,2010-08,8,0.368,MODIS,0.2379,0.1301,24.5,167.7,0.4157
Koppal,2010-09,9,0.4157,MODIS,0.368,0.0477,24.6,94.6,0.3084
Koppal,2010-10,10,0.3084,MODIS,0.4157,-0.1073,24.7,68.2,0.405
Koppal,2010-11,11,0.405,MODIS,0.3084,0.0966,23.7,91.3,0.3488
Koppal,2010-12,12,0.3488,MODIS,0.405,-0.0562,23.1,4.4,0.2978
Koppal,2011-01,1,0.2978,MODIS,0.3488,-0.051,23.3,0.2,0.2617
Koppal,2011-02,2,0.2617,MODIS,0.2978,-0.0361,24.6,1.4,0.263
Koppal,2011-03,3,0.263,MODIS,0.2617,0.0013,28.6,0.2,0.2879
Koppal,2011-04,4,0.2879,MODIS,0.263,0.0249,29.1,28,0.2778
Koppal,2011-05,5,0.2778,MODIS,0.2879,-0.0101,29.5,27.1,0.1929
Koppal,2011-06,6,0.1929,MODIS,0.2778,-0.0849,25.5,73.5,0.3177
Koppal,2011-07,7,0.3177,MODIS,0.1929,0.1248,24.4,170.4,0.2473
Koppal,2011-08,8,0.2473,MODIS,0.3177,-0.0704,23.8,233.7,0.4252
Koppal,2011-09,9,0.4252,MODIS,0.2473,0.1779,24.3,36,0.4067
Koppal,2011-10,10,0.4067,MODIS,0.4252,-0.0185,25.3,100,0.3274
Koppal,2011-11,11,0.3274,MODIS,0.4067,-0.0793,24.4,19.2,0.2893
Koppal,2011-12,12,0.2893,MODIS,0.3274,-0.0381,23.5,0.5,0.2567
Koppal,2012-01,1,0.2567,MODIS,0.2893,-0.0326,23.7,1,0.2414
Koppal,2012-02,2,0.2414,MODIS,0.2567,-0.0153,26,0,0.2347
Koppal,2012-03,3,0.2347,MODIS,0.2414,-0.0067,28.5,0,0.2501
Koppal,2012-04,4,0.2501,MODIS,0.2347,0.0154,29.7,13.5,0.2519
Koppal,2012-05,5,0.2519,MODIS,0.2501,0.0018,29.4,25.6,0.2471
Koppal,2012-06,6,0.2471,MODIS,0.2519,-0.0048,26.3,65.7,0.1642
Koppal,2012-07,7,0.1642,MODIS,0.2471,-0.0829,24.8,92.6,0.2676
Koppal,2012-08,8,0.2676,MODIS,0.1642,0.1034,24.6,71.8,0.3817
Koppal,2012-09,9,0.3817,MODIS,0.2676,0.1141,24.9,86,0.3652
Koppal,2012-10,10,0.3652,MODIS,0.3817,-0.0165,25.4,63.4,0.3688
Koppal,2012-11,11,0.3688,MODIS,0.3652,0.0036,23.9,67.9,0.307
Koppal,2012-12,12,0.307,MODIS,0.3688,-0.0618,24.3,2.1,0.2644
Koppal,2013-01,1,0.2644,MODIS,0.307,-0.0426,24.6,0,0.2634
Koppal,2013-02,2,0.2634,MODIS,0.2644,-0.001,26,6.8,0.269
Koppal,2013-03,3,0.269,MODIS,0.2634,0.0056,28.8,0.1,0.2405
Koppal,2013-04,4,0.2405,MODIS,0.269,-0.0285,30,16.8,0.2357
Koppal,2013-05,5,0.2357,MODIS,0.2405,-0.0048,29.9,36.7,0.1821
Koppal,2013-06,6,0.1821,MODIS,0.2357,-0.0536,24.6,114.4,0.1397
Koppal,2013-07,7,0.1397,MODIS,0.1821,-0.0424,23.3,243.4,0.3675
Koppal,2013-08,8,0.3675,MODIS,0.1397,0.2278,24,85.5,0.453
Koppal,2013-09,9,0.453,MODIS,0.3675,0.0855,24,208.8,0.4577
Koppal,2013-10,10,0.4577,MODIS,0.453,0.0047,24.1,110.3,0.3921
Koppal,2013-11,11,0.3921,MODIS,0.4577,-0.0656,23.1,3.5,0.3144
Koppal,2013-12,12,0.3144,MODIS,0.3921,-0.0777,21.9,0,0.2671
Koppal,2014-01,1,0.2671,MODIS,0.3144,-0.0473,23.3,0.1,0.2673
Koppal,2014-02,2,0.2673,MODIS,0.2671,0.0002,24.9,1.9,0.297
Koppal,2014-03,3,0.297,MODIS,0.2673,0.0297,28.1,4.1,0.2814
Koppal,2014-04,4,0.2814,MODIS,0.297,-0.0156,30,14,0.3067
Koppal,2014-05,5,0.3067,MODIS,0.2814,0.0253,28.7,107.9,0.3272
Koppal,2014-06,6,0.3272,MODIS,0.3067,0.0205,27.3,41.7,0.3121
Koppal,2014-07,7,0.3121,MODIS,0.3272,-0.0151,24.3,181,0.4044
Koppal,2014-08,8,0.4044,MODIS,0.3121,0.0923,24.3,162,0.4299
Koppal,2014-09,9,0.4299,MODIS,0.4044,0.0255,24.8,66.7,0.4032
Koppal,2014-10,10,0.4032,MODIS,0.4299,-0.0267,25.2,97.1,0.4136
Koppal,2014-11,11,0.4136,MODIS,0.4032,0.0104,23.7,46.6,0.3428
Koppal,2014-12,12,0.3428,MODIS,0.4136,-0.0708,22.6,11.7,0.2987
Koppal,2015-01,1,0.2987,MODIS,0.3428,-0.0441,22.9,1.8,0.2712
Koppal,2015-02,2,0.2712,MODIS,0.2987,-0.0275,24.7,0,0.2826
Koppal,2015-03,3,0.2826,MODIS,0.2712,0.0114,28.1,11,0.2897
Koppal,2015-04,4,0.2897,MODIS,0.2826,0.0071,29.1,35.9,0.2985
Koppal,2015-05,5,0.2985,MODIS,0.2897,0.0088,29.9,38.3,0.3382
Koppal,2015-06,6,0.3382,MODIS,0.2985,0.0397,26.1,70.5,0.3156
Koppal,2015-07,7,0.3156,MODIS,0.3382,-0.0226,25.8,34.3,0.3802
Koppal,2015-08,8,0.3802,MODIS,0.3156,0.0646,25.5,97.3,0.425
Koppal,2015-09,9,0.425,MODIS,0.3802,0.0448,25.5,86.1,0.3927
Koppal,2015-10,10,0.3927,MODIS,0.425,-0.0323,26.1,84.3,0.3281
Koppal,2015-11,11,0.3281,MODIS,0.3927,-0.0646,24.8,31.6,0.1519
Koppal,2015-12,12,0.1519,Sentinel2,0.3281,-0.1762,25,0.9,0.266
Koppal,2016-01,1,0.266,MODIS,0.1519,0.1141,24.2,3.1,0.1284
Koppal,2016-02,2,0.1284,Sentinel2,0.266,-0.1376,27.5,0.1,0.1282
Koppal,2016-03,3,0.1282,Sentinel2,0.1284,-0.0002,30.2,0.1,0.1156
Koppal,2016-04,4,0.1156,Sentinel2,0.1282,-0.0126,31.8,0.5,0.1184
Koppal,2016-05,5,0.1184,Sentinel2,0.1156,0.0028,30.3,27.7,0.174
Koppal,2016-06,6,0.174,MODIS,0.1184,0.0556,25.3,219.7,0.2097
Koppal,2016-07,7,0.2097,MODIS,0.174,0.0357,24.3,258.7,0.3444
Koppal,2016-08,8,0.3444,MODIS,0.2097,0.1347,24.5,56,0.2778
Koppal,2016-09,9,0.2778,MODIS,0.3444,-0.0666,24.1,136.6,0.3671
Koppal,2016-10,10,0.3671,MODIS,0.2778,0.0893,24.8,9,0.3228
Koppal,2016-11,11,0.3228,MODIS,0.3671,-0.0443,24.5,9,0.1637
Koppal,2016-12,12,0.1637,Sentinel2,0.3228,-0.1591,23.3,10.1,0.1565
Koppal,2017-01,1,0.1565,Sentinel2,0.1637,-0.0072,23.8,0.1,0.134
Koppal,2017-02,2,0.134,Sentinel2,0.1565,-0.0225,25.9,0,0.1399
Koppal,2017-03,3,0.1399,Sentinel2,0.134,0.0059,28.6,1.6,0.1552
Koppal,2017-04,4,0.1552,Sentinel2,0.1399,0.0153,30.8,2.5,0.2985
Koppal,2017-05,5,0.2985,MODIS,0.1552,0.1433,30.4,17.8,0.2383
Koppal,2017-06,6,0.2383,MODIS,0.2985,-0.0602,25.7,109.5,0.3107
Koppal,2017-07,7,0.3107,MODIS,0.2383,0.0724,25.3,60.2,0.4079
Koppal,2017-08,8,0.4079,MODIS,0.3107,0.0972,25.1,108.9,0.4239
Koppal,2017-09,9,0.4239,MODIS,0.4079,0.016,25,272.7,0.4397
Koppal,2017-10,10,0.4397,MODIS,0.4239,0.0158,24.5,139.5,0.2073
Koppal,2017-11,11,0.2073,Sentinel2,0.4397,-0.2324,24.5,2,0.1814
Koppal,2017-12,12,0.1814,Sentinel2,0.2073,-0.0259,23.3,1.6,0.1612
Koppal,2018-01,1,0.1612,Sentinel2,0.1814,-0.0202,23.7,0,0.1653
Koppal,2018-02,2,0.1653,Sentinel2,0.1612,0.0041,25,2.2,0.1675
Koppal,2018-03,3,0.1675,Sentinel2,0.1653,0.0022,28,22.5,0.1932
Koppal,2018-04,4,0.1932,Sentinel2,0.1675,0.0257,30,10.6,0.1662
Koppal,2018-05,5,0.1662,Sentinel2,0.1932,-0.027,29.8,50.9,0.2288
Koppal,2018-06,6,0.2288,MODIS,0.1662,0.0626,25.2,278.9,0.2096
Koppal,2018-07,7,0.2096,MODIS,0.2288,-0.0192,24.3,91.7,0.2776
Koppal,2018-08,8,0.2776,MODIS,0.2096,0.068,24,106.4,0.3564
Koppal,2018-09,9,0.3564,MODIS,0.2776,0.0788,25.1,68.2,0.204
Koppal,2018-10,10,0.204,Sentinel2,0.3564,-0.1524,26.5,35.8,0.1977
Koppal,2018-11,11,0.1977,Sentinel2,0.204,-0.0063,25.4,23.8,0.1836
Koppal,2018-12,12,0.1836,Sentinel2,0.1977,-0.0141,24.1,1.4,0.1627
Koppal,2019-01,1,0.1627,Sentinel2,0.1836,-0.0209,23.1,1.3,0.1484
Koppal,2019-02,2,0.1484,Sentinel2,0.1627,-0.0143,26.7,0.9,0.1372
Koppal,2019-03,3,0.1372,Sentinel2,0.1484,-0.0112,29.3,0.6,0.1449
Koppal,2019-04,4,0.1449,Sentinel2,0.1372,0.0077,30.7,3.8,0.1494
Koppal,2019-05,5,0.1494,Sentinel2,0.1449,0.0045,30.9,11.4,0.2431
Koppal,2019-06,6,0.2431,MODIS,0.1494,0.0937,27,119.4,0.3037
Koppal,2019-07,7,0.3037,MODIS,0.2431,0.0606,24.7,107.3,0.2718
Koppal,2019-08,8,0.2718,MODIS,0.3037,-0.0319,24.2,163,0.3441
Koppal,2019-09,9,0.3441,Sentinel2,0.2718,0.0723,24.4,134.9,0.3076
Koppal,2019-10,10,0.3076,Sentinel2,0.3441,-0.0365,24.2,191.6,0.3237
Koppal,2019-11,11,0.3237,Sentinel2,0.3076,0.0161,24.2,29.7,0.245
Koppal,2019-12,12,0.245,Sentinel2,0.3237,-0.0787,23.2,25.1,0.1806
Koppal,2020-01,1,0.1806,Sentinel2,0.245,-0.0644,24.3,4.6,0.1769
Koppal,2020-02,2,0.1769,Sentinel2,0.1806,-0.0037,25.5,0.2,0.1659
Koppal,2020-03,3,0.1659,Sentinel2,0.1769,-0.011,28.3,1,0.1893
Koppal,2020-04,4,0.1893,Sentinel2,0.1659,0.0234,29.8,10.7,0.1932
Koppal,2020-05,5,0.1932,Sentinel2,0.1893,0.0039,30.6,16,0.2201
Koppal,2020-06,6,0.2201,Sentinel2,0.1932,0.0269,26,106.1,0.2456
Koppal,2020-07,7,0.2456,MODIS,0.2201,0.0255,24.6,244.3,0.4323
Koppal,2020-08,8,0.4323,MODIS,0.2456,0.1867,24.1,136.6,0.3741
Koppal,2020-09,9,0.3741,MODIS,0.4323,-0.0582,24.4,224.9,0.3517
Koppal,2020-10,10,0.3517,Sentinel2,0.3741,-0.0224,24.4,153.7,0.2804
Koppal,2020-11,11,0.2804,Sentinel2,0.3517,-0.0713,23.2,21.3,0.2508
Koppal,2020-12,12,0.2508,Sentinel2,0.2804,-0.0296,22.4,4,0.1901
Koppal,2021-01,1,0.1901,Sentinel2,0.2508,-0.0607,23.5,19.4,0.1751
Koppal,2021-02,2,0.1751,Sentinel2,0.1901,-0.015,24,2.6,0.175
Koppal,2021-03,3,0.175,Sentinel2,0.1751,-0.0001,27.8,0,0.176
Koppal,2021-04,4,0.176,Sentinel2,0.175,0.001,29.2,10.3,0.198
Koppal,2021-05,5,0.198,Sentinel2,0.176,0.022,28.2,37.5,0.3569
Koppal,2021-06,6,0.3569,Sentinel2,0.198,0.1589,25.4,105.2,0.25
Koppal,2021-07,7,0.25,MODIS,0.3569,-0.1069,24.2,320.7,0.1273
Koppal,2021-08,8,0.1273,Sentinel2,0.25,-0.1227,24.5,76.8,0.2948
Koppal,2021-09,9,0.2948,Sentinel2,0.1273,0.1675,24.2,93.1,0.3039
Koppal,2021-10,10,0.3039,Sentinel2,0.2948,0.0091,24.8,116.3,0.4186
Koppal,2021-11,11,0.4186,MODIS,0.3039,0.1147,23.4,82.6,0.2302
Koppal,2021-12,12,0.2302,Sentinel2,0.4186,-0.1884,22.5,9.1,0.23
Koppal,2022-01,1,0.23,Sentinel2,0.2302,-0.0002,22.8,1.6,0.1428
Koppal,2022-02,2,0.1428,Sentinel2,0.23,-0.0872,24.8,0,0.1419
Koppal,2022-03,3,0.1419,Sentinel2,0.1428,-0.0009,28.1,1.1,0.167
Koppal,2022-04,4,0.167,Sentinel2,0.1419,0.0251,30.4,2.4,0.179
Koppal,2022-05,5,0.179,Sentinel2,0.167,0.012,27.5,116.1,0.2252
Koppal,2022-06,6,0.2252,Sentinel2,0.179,0.0462,26,63.2,0.2607
Koppal,2022-07,7,0.2607,Sentinel2,0.2252,0.0355,24.1,178.2,0.277
Koppal,2022-08,8,0.277,MODIS,0.2607,0.0163,24.4,152.8,0.3947
Koppal,2022-09,9,0.3947,MODIS,0.277,0.1177,24.3,124,0.2083
Koppal,2022-10,10,0.2083,Sentinel2,0.3947,-0.1864,23.6,145.5,0.224
Koppal,2022-11,11,0.224,Sentinel2,0.2083,0.0157,23.5,11.7,0.181
Koppal,2022-12,12,0.181,Sentinel2,0.224,-0.043,23.3,34.5,0.1714
Koppal,2023-01,1,0.1714,Sentinel2,0.181,-0.0096,23.1,0.1,0.1441
Koppal,2023-02,2,0.1441,Sentinel2,0.1714,-0.0273,25.3,0,0.145
Koppal,2023-03,3,0.145,Sentinel2,0.1441,0.0009,27,1.6,0.1619
Koppal,2023-04,4,0.1619,Sentinel2,0.145,0.0169,29.5,17.6,0.1755
Koppal,2023-05,5,0.1755,Sentinel2,0.1619,0.0136,29.9,23.4,0.1498
Koppal,2023-06,6,0.1498,Sentinel2,0.1755,-0.0257,28.4,19.3,0.255
Koppal,2023-07,7,0.255,MODIS,0.1498,0.1052,24.4,243.7,0.4555
Koppal,2023-08,8,0.4555,MODIS,0.255,0.2005,25.4,33.6,0.4042
Koppal,2023-09,9,0.4042,MODIS,0.4555,-0.0513,25.2,71.3,0.2191
Koppal,2023-10,10,0.2191,Sentinel2,0.4042,-0.1851,27.5,8.4,0.2146
Koppal,2023-11,11,0.2146,Sentinel2,0.2191,-0.0045,25.3,65,0.198
Koppal,2023-12,12,0.198,Sentinel2,0.2146,-0.0166,24,2.8,0.1469
Koppal,2024-01,1,0.1469,Sentinel2,0.198,-0.0511,24.9,0.6,0.1336
Koppal,2024-02,2,0.1336,Sentinel2,0.1469,-0.0133,27.1,0,0.1372
Koppal,2024-03,3,0.1372,Sentinel2,0.1336,0.0036,30,0.1,0.1408
Koppal,2024-04,4,0.1408,Sentinel2,0.1372,0.0036,31.5,5.6,0.157
Koppal,2024-05,5,0.157,Sentinel2,0.1408,0.0162,29.9,63.2,0.4254
Koppal,2024-06,6,0.4254,MODIS,0.157,0.2684,25.6,227.5,0.2595
Koppal,2024-07,7,0.2595,MODIS,0.4254,-0.1659,24.3,203.1,0.3554
Koppal,2024-08,8,0.3554,MODIS,0.2595,0.0959,25,115.3,0.4442
Koppal,2024-09,9,0.4442,MODIS,0.3554,0.0888,24.6,78.9,0.2381
Koppal,2024-10,10,0.2381,Sentinel2,0.4442,-0.2061,24.9,181.2,0.2455
Koppal,2024-11,11,0.2455,Sentinel2,0.2381,0.0074,23.4,6.4,0.1671
Koppal,2024-12,12,0.1671,Sentinel2,0.2455,-0.0784,23.3,18.4,0.1516
Koppal,2025-01,1,0.1516,Sentinel2,0.1671,-0.0155,22.9,0.1,0.1405
Koppal,2025-02,2,0.1405,Sentinel2,0.1516,-0.0111,25.9,0.1,0.1513
Koppal,2025-03,3,0.1513,Sentinel2,0.1405,0.0108,28.2,0.2,0.1518
Koppal,2025-04,4,0.1518,Sentinel2,0.1513,0.0005,29.2,21.4,0.188
Koppal,2025-05,5,0.188,Sentinel2,0.1518,0.0362,27,175.3,0.2431
Koppal,2025-06,6,0.2431,MODIS,0.188,0.0551,25.2,119,0.2649
Koppal,2025-07,7,0.2649,MODIS,0.2431,0.0218,24.3,135.7,0.2411
Koppal,2025-08,8,0.2411,MODIS,0.2649,-0.0238,23.8,187.7,0.3986
Koppal,2025-09,9,0.3986,MODIS,0.2411,0.1575,23.8,98.6,0.3924
Koppal,2025-10,10,0.3924,MODIS,0.3986,-0.0062,24.2,70.4,0.2342
Koppal,2025-11,11,0.2342,Sentinel2,0.3924,-0.1582,22.8,4.9,0.1759
Ballari,2010-01,1,0.275,MODIS,,,24.1,23.7,0.256
Ballari,2010-02,2,0.256,MODIS,0.275,-0.019,27.3,0.1,0.2407
Ballari,2010-03,3,0.2407,MODIS,0.256,-0.0153,30.4,0.1,0.2308
Ballari,2010-04,4,0.2308,MODIS,0.2407,-0.0099,32.3,8.7,0.2562
Ballari,2010-05,5,0.2562,MODIS,0.2308,0.0254,32.3,9.9,0.2662
Ballari,2010-06,6,0.2662,MODIS,0.2562,0.01,28.4,84.3,0.2798
Ballari,2010-07,7,0.2798,MODIS,0.2662,0.0136,25.7,170.6,0.2729
Ballari,2010-08,8,0.2729,MODIS,0.2798,-0.0069,25.7,159.6,0.338
Ballari,2010-09,9,0.338,MODIS,0.2729,0.0651,25.8,93.2,0.3153
Ballari,2010-10,10,0.3153,MODIS,0.338,-0.0227,26.1,56.3,0.3577
Ballari,2010-11,11,0.3577,MODIS,0.3153,0.0424,24.4,93.3,0.3016
Ballari,2010-12,12,0.3016,MODIS,0.3577,-0.0561,23.8,5.2,0.2726
Ballari,2011-01,1,0.2726,MODIS,0.3016,-0.029,24.1,1.3,0.242
Ballari,2011-02,2,0.242,MODIS,0.2726,-0.0306,25.8,1,0.2517
Ballari,2011-03,3,0.2517,MODIS,0.242,0.0097,30,0.1,0.2498
Ballari,2011-04,4,0.2498,MODIS,0.2517,-0.0019,30.6,30.6,0.2398
Ballari,2011-05,5,0.2398,MODIS,0.2498,-0.01,31.2,34.5,0.2532
Ballari,2011-06,6,0.2532,MODIS,0.2398,0.0134,27.3,46.3,0.2213
Ballari,2011-07,7,0.2213,MODIS,0.2532,-0.0319,25.8,144.5,0.2374
Ballari,2011-08,8,0.2374,MODIS,0.2213,0.0161,25.2,198.5,0.3101
Ballari,2011-09,9,0.3101,MODIS,0.2374,0.0727,25.9,33.2,0.3288
Ballari,2011-10,10,0.3288,MODIS,0.3101,0.0187,26.5,96.4,0.3322
Ballari,2011-11,11,0.3322,MODIS,0.3288,0.0034,25.2,16.2,0.2772
Ballari,2011-12,12,0.2772,MODIS,0.3322,-0.055,24.3,4.4,0.2483
Ballari,2012-01,1,0.2483,MODIS,0.2772,-0.0289,24.2,2.3,0.2314
Ballari,2012-02,2,0.2314,MODIS,0.2483,-0.0169,26.8,0.1,0.2275
Ballari,2012-03,3,0.2275,MODIS,0.2314,-0.0039,29.8,0.1,0.2432
Ballari,2012-04,4,0.2432,MODIS,0.2275,0.0157,31,24.2,0.2924
Ballari,2012-05,5,0.2924,MODIS,0.2432,0.0492,31.2,21.8,0.2472
Ballari,2012-06,6,0.2472,MODIS,0.2924,-0.0452,28,54.3,0.2578
Ballari,2012-07,7,0.2578,MODIS,0.2472,0.0106,26.3,103.3,0.2462
Ballari,2012-08,8,0.2462,MODIS,0.2578,-0.0116,26.1,72,0.3044
Ballari,2012-09,9,0.3044,MODIS,0.2462,0.0582,26.4,81.5,0.321
Ballari,2012-10,10,0.321,MODIS,0.3044,0.0166,26.1,64.4,0.3027
Ballari,2012-11,11,0.3027,MODIS,0.321,-0.0183,24.8,45.2,0.261
Ballari,2012-12,12,0.261,MODIS,0.3027,-0.0417,24.9,5.2,0.2288
Ballari,2013-01,1,0.2288,MODIS,0.261,-0.0322,25.3,0,0.2377
Ballari,2013-02,2,0.2377,MODIS,0.2288,0.0089,26.7,5.7,0.2336
Ballari,2013-03,3,0.2336,MODIS,0.2377,-0.0041,30.3,0.6,0.2201
Ballari,2013-04,4,0.2201,MODIS,0.2336,-0.0135,31.9,9.3,0.2286
Ballari,2013-05,5,0.2286,MODIS,0.2201,0.0085,31.6,25.3,0.2798
Ballari,2013-06,6,0.2798,MODIS,0.2286,0.0512,26.4,61.5,0.1959
Ballari,2013-07,7,0.1959,MODIS,0.2798,-0.0839,24.6,208.4,0.2832
Ballari,2013-08,8,0.2832,MODIS,0.1959,0.0873,25.3,71.1,0.3332
Ballari,2013-09,9,0.3332,MODIS,0.2832,0.05,25,213.9,0.3369
Ballari,2013-10,10,0.3369,MODIS,0.3332,0.0037,25.1,114.2,0.3055
Ballari,2013-11,11,0.3055,MODIS,0.3369,-0.0314,23.8,9.7,0.2502
Ballari,2013-12,12,0.2502,MODIS,0.3055,-0.0553,23.1,0.2,0.2355
Ballari,2014-01,1,0.2355,MODIS,0.2502,-0.0147,24,0.2,0.2292
Ballari,2014-02,2,0.2292,MODIS,0.2355,-0.0063,26,0.9,0.2629
Ballari,2014-03,3,0.2629,MODIS,0.2292,0.0337,29.2,8.5,0.2547
Ballari,2014-04,4,0.2547,MODIS,0.2629,-0.0082,31.9,18.4,0.2697
Ballari,2014-05,5,0.2697,MODIS,0.2547,0.015,30.3,73.3,0.243
Ballari,2014-06,6,0.243,MODIS,0.2697,-0.0267,29.1,42.2,0.2102
Ballari,2014-07,7,0.2102,MODIS,0.243,-0.0328,25.9,107.9,0.3019
Ballari,2014-08,8,0.3019,MODIS,0.2102,0.0917,25.7,134.4,0.3393
Ballari,2014-09,9,0.3393,MODIS,0.3019,0.0374,26.1,57.1,0.3342
Ballari,2014-10,10,0.3342,MODIS,0.3393,-0.0051,26.5,103.9,0.3436
Ballari,2014-11,11,0.3436,MODIS,0.3342,0.0094,24.9,39.6,0.2881
Ballari,2014-12,12,0.2881,MODIS,0.3436,-0.0555,23.4,21.4,0.248
Ballari,2015-01,1,0.248,MODIS,0.2881,-0.0401,23.4,6.8,0.23
Ballari,2015-02,2,0.23,MODIS,0.248,-0.018,25.5,0.1,0.2485
Ballari,2015-03,3,0.2485,MODIS,0.23,0.0185,29.6,4.4,0.2627
Ballari,2015-04,4,0.2627,MODIS,0.2485,0.0142,30.4,56.6,0.2665
Ballari,2015-05,5,0.2665,MODIS,0.2627,0.0038,31.2,69.1,0.2745
Ballari,2015-06,6,0.2745,MODIS,0.2665,0.008,27.6,57.7,0.2348
Ballari,2015-07,7,0.2348,MODIS,0.2745,-0.0397,27.4,33.4,0.2574
Ballari,2015-08,8,0.2574,MODIS,0.2348,0.0226,26.7,95.3,0.3543
Ballari,2015-09,9,0.3543,MODIS,0.2574,0.0969,26.5,76.4,0.3342
Ballari,2015-10,10,0.3342,MODIS,0.3543,-0.0201,27,77.2,0.3363
Ballari,2015-11,11,0.3363,MODIS,0.3342,0.0021,24.7,65.4,0.1381
Ballari,2015-12,12,0.1381,Sentinel2,0.3363,-0.1982,24.9,1,0.2605
Ballari,2016-01,1,0.2605,MODIS,0.1381,0.1224,25,7.9,0.1176
Ballari,2016-02,2,0.1176,Sentinel2,0.2605,-0.1429,28.5,0.1,0.1177
Ballari,2016-03,3,0.1177,Sentinel2,0.1176,0.0001,31.8,0.1,0.104
Ballari,2016-04,4,0.104,Sentinel2,0.1177,-0.0137,34.3,0.1,0.0991
Ballari,2016-05,5,0.0991,Sentinel2,0.104,-0.0049,31.7,49.3,0.1906
Ballari,2016-06,6,0.1906,MODIS,0.0991,0.0915,26.7,143.7,0.2427
Ballari,2016-07,7,0.2427,MODIS,0.1906,0.0521,25.7,173.1,0.2814
Ballari,2016-08,8,0.2814,MODIS,0.2427,0.0387,25.9,46.8,0.2386
Ballari,2016-09,9,0.2386,MODIS,0.2814,-0.0428,25.1,175.7,0.2682
Ballari,2016-10,10,0.2682,MODIS,0.2386,0.0296,25.9,8,0.2541
Ballari,2016-11,11,0.2541,MODIS,0.2682,-0.0141,25.7,10.3,0.1197
Ballari,2016-12,12,0.1197,Sentinel2,0.2541,-0.1344,24.2,18.6,0.1079
Ballari,2017-01,1,0.1079,Sentinel2,0.1197,-0.0118,25,0.7,0.1063
Ballari,2017-02,2,0.1063,Sentinel2,0.1079,-0.0016,27.2,0,0.116
Ballari,2017-03,3,0.116,Sentinel2,0.1063,0.0097,30.6,1,0.1174
Ballari,2017-04,4,0.1174,Sentinel2,0.116,0.0014,32.9,6,0.2294
Ballari,2017-05,5,0.2294,MODIS,0.1174,0.112,32.1,28.7,0.2104
Ballari,2017-06,6,0.2104,MODIS,0.2294,-0.019,27.2,96.6,0.2671
Ballari,2017-07,7,0.2671,MODIS,0.2104,0.0567,26.9,48.3,0.28
Ballari,2017-08,8,0.28,MODIS,0.2671,0.0129,26.4,103.1,0.3569
Ballari,2017-09,9,0.3569,MODIS,0.28,0.0769,26.2,202.3,0.3619
Ballari,2017-10,10,0.3619,MODIS,0.3569,0.005,25.1,196.8,0.1687
Ballari,2017-11,11,0.1687,Sentinel2,0.3619,-0.1932,25,8.5,0.1469
Ballari,2017-12,12,0.1469,Sentinel2,0.1687,-0.0218,23.9,0.2,0.1426
Ballari,2018-01,1,0.1426,Sentinel2,0.1469,-0.0043,24.4,0,0.1265
Ballari,2018-02,2,0.1265,Sentinel2,0.1426,-0.0161,26,1,0.1311
Ballari,2018-03,3,0.1311,Sentinel2,0.1265,0.0046,29.5,31.4,0.1169
Ballari,2018-04,4,0.1169,Sentinel2,0.1311,-0.0142,31.8,7.5,0.1187
Ballari,2018-05,5,0.1187,Sentinel2,0.1169,0.0018,31.3,75.1,0.2188
Ballari,2018-06,6,0.2188,MODIS,0.1187,0.1001,26.6,164.6,0.1508
Ballari,2018-07,7,0.1508,MODIS,0.2188,-0.068,25.8,83.8,0.1942
Ballari,2018-08,8,0.1942,MODIS,0.1508,0.0434,25.3,95.6,0.2755
Ballari,2018-09,9,0.2755,MODIS,0.1942,0.0813,26.7,68.6,0.1516
Ballari,2018-10,10,0.1516,Sentinel2,0.2755,-0.1239,27.4,50.7,0.153
Ballari,2018-11,11,0.153,Sentinel2,0.1516,0.0014,26.2,21.3,0.1445
Ballari,2018-12,12,0.1445,Sentinel2,0.153,-0.0085,25.1,1.3,0.1406
Ballari,2019-01,1,0.1406,Sentinel2,0.1445,-0.0039,23.9,4.6,0.113
Ballari,2019-02,2,0.113,Sentinel2,0.1406,-0.0276,27.8,2,0.1107
Ballari,2019-03,3,0.1107,Sentinel2,0.113,-0.0023,31.5,0.2,0.1259
Ballari,2019-04,4,0.1259,Sentinel2,0.1107,0.0152,33.1,6.9,0.1486
Ballari,2019-05,5,0.1486,Sentinel2,0.1259,0.0227,32.7,18.4,0.1546
Ballari,2019-06,6,0.1546,Sentinel2,0.1486,0.006,28.9,100.8,0.1921
Ballari,2019-07,7,0.1921,MODIS,0.1546,0.0375,26.4,76.8,0.2067
Ballari,2019-08,8,0.2067,MODIS,0.1921,0.0146,25.7,124.3,0.2468
Ballari,2019-09,9,0.2468,Sentinel2,0.2067,0.0401,25.7,129.8,0.2619
Ballari,2019-10,10,0.2619,Sentinel2,0.2468,0.0151,24.9,216.1,0.2434
Ballari,2019-11,11,0.2434,Sentinel2,0.2619,-0.0185,25,19,0.1827
Ballari,2019-12,12,0.1827,Sentinel2,0.2434,-0.0607,23.9,26,0.1314
Ballari,2020-01,1,0.1314,Sentinel2,0.1827,-0.0513,25.3,6.6,0.1497
Ballari,2020-02,2,0.1497,Sentinel2,0.1314,0.0183,26.5,0.3,0.174
Ballari,2020-03,3,0.174,Sentinel2,0.1497,0.0243,29.9,1.6,0.1913
Ballari,2020-04,4,0.1913,Sentinel2,0.174,0.0173,31.9,10.3,0.186
Ballari,2020-05,5,0.186,Sentinel2,0.1913,-0.0053,32.4,25.4,0.2046
Ballari,2020-06,6,0.2046,Sentinel2,0.186,0.0186,27.5,101.5,0.2476
Ballari,2020-07,7,0.2476,MODIS,0.2046,0.043,25.7,214.9,0.3538
Ballari,2020-08,8,0.3538,MODIS,0.2476,0.1062,25.2,112.7,0.3872
Ballari,2020-09,9,0.3872,MODIS,0.3538,0.0334,25.2,211.9,0.2842
Ballari,2020-10,10,0.2842,Sentinel2,0.3872,-0.103,24.9,132.5,0.233
Ballari,2020-11,11,0.233,Sentinel2,0.2842,-0.0512,23.5,40.6,0.2289
Ballari,2020-12,12,0.2289,Sentinel2,0.233,-0.0041,22.7,6,0.1798
Ballari,2021-01,1,0.1798,Sentinel2,0.2289,-0.0491,24,23.3,0.1638
Ballari,2021-02,2,0.1638,Sentinel2,0.1798,-0.016,24.7,7.8,0.159
Ballari,2021-03,3,0.159,Sentinel2,0.1638,-0.0048,29,0,0.1552
Ballari,2021-04,4,0.1552,Sentinel2,0.159,-0.0038,30.8,16.4,0.1652
Ballari,2021-05,5,0.1652,Sentinel2,0.1552,0.01,29.7,62,0.2609
Ballari,2021-06,6,0.2609,Sentinel2,0.1652,0.0957,26.6,133.1,0.2528
Ballari,2021-07,7,0.2528,MODIS,0.2609,-0.0081,25.3,254,0.2859
Ballari,2021-08,8,0.2859,Sentinel2,0.2528,0.0331,25.5,79.7,0.2129
Ballari,2021-09,9,0.2129,Sentinel2,0.2859,-0.073,25.3,75,0.2599
Ballari,2021-10,10,0.2599,Sentinel2,0.2129,0.047,25.6,136,0.3391
Ballari,2021-11,11,0.3391,MODIS,0.2599,0.0792,23.5,127.4,0.1761
Ballari,2021-12,12,0.1761,Sentinel2,0.3391,-0.163,22.6,8.4,0.1577
Ballari,2022-01,1,0.1577,Sentinel2,0.1761,-0.0184,23.7,2.6,0.1171
Ballari,2022-02,2,0.1171,Sentinel2,0.1577,-0.0406,25.3,0,0.1168
Ballari,2022-03,3,0.1168,Sentinel2,0.1171,-0.0003,29.2,1.6,0.1244
Ballari,2022-04,4,0.1244,Sentinel2,0.1168,0.0076,31.6,3.1,0.1289
Ballari,2022-05,5,0.1289,Sentinel2,0.1244,0.0045,28.7,88.9,0.1656
Ballari,2022-06,6,0.1656,Sentinel2,0.1289,0.0367,27.6,56.7,0.1638
Ballari,2022-07,7,0.1638,Sentinel2,0.1656,-0.0018,25.3,137.7,0.3126
Ballari,2022-08,8,0.3126,MODIS,0.1638,0.1488,25.5,147.5,0.3598
Ballari,2022-09,9,0.3598,MODIS,0.3126,0.0472,25.3,143.8,0.1933
Ballari,2022-10,10,0.1933,Sentinel2,0.3598,-0.1665,24.2,139.2,0.1548
Ballari,2022-11,11,0.1548,Sentinel2,0.1933,-0.0385,23.8,30.8,0.1391
Ballari,2022-12,12,0.1391,Sentinel2,0.1548,-0.0157,23.9,39.3,0.1333
Ballari,2023-01,1,0.1333,Sentinel2,0.1391,-0.0058,24,0.3,0.1181
Ballari,2023-02,2,0.1181,Sentinel2,0.1333,-0.0152,26.4,0,0.1316
Ballari,2023-03,3,0.1316,Sentinel2,0.1181,0.0135,28.6,3.3,0.1304
Ballari,2023-04,4,0.1304,Sentinel2,0.1316,-0.0012,31.7,30.6,0.1442
Ballari,2023-05,5,0.1442,Sentinel2,0.1304,0.0138,31.2,24.9,0.2434
Ballari,2023-06,6,0.2434,MODIS,0.1442,0.0992,30,29.8,0.2218
Ballari,2023-07,7,0.2218,MODIS,0.2434,-0.0216,25.6,243.1,0.3229
Ballari,2023-08,8,0.3229,MODIS,0.2218,0.1011,27,17,0.3015
Ballari,2023-09,9,0.3015,MODIS,0.3229,-0.0214,26.8,53.5,0.1446
Ballari,2023-10,10,0.1446,Sentinel2,0.3015,-0.1569,29,5,0.1343
Ballari,2023-11,11,0.1343,Sentinel2,0.1446,-0.0103,25.6,95.1,0.1272
Ballari,2023-12,12,0.1272,Sentinel2,0.1343,-0.0071,24.5,5.1,0.1079
Ballari,2024-01,1,0.1079,Sentinel2,0.1272,-0.0193,25.6,0.4,0.1015
Ballari,2024-02,2,0.1015,Sentinel2,0.1079,-0.0064,27.9,0.3,0.1087
Ballari,2024-03,3,0.1087,Sentinel2,0.1015,0.0072,31.7,0,0.1144
Ballari,2024-04,4,0.1144,Sentinel2,0.1087,0.0057,33.7,4.8,0.1248
Ballari,2024-05,5,0.1248,Sentinel2,0.1144,0.0104,31.3,77.8,0.3007
Ballari,2024-06,6,0.3007,MODIS,0.1248,0.1759,26.9,170.7,0.2535
Ballari,2024-07,7,0.2535,MODIS,0.3007,-0.0472,25.7,153.2,0.1495
Ballari,2024-08,8,0.1495,Sentinel2,0.2535,-0.104,26.1,156.1,0.3438
Ballari,2024-09,9,0.3438,MODIS,0.1495,0.1943,25.6,73.8,0.2055
Ballari,2024-10,10,0.2055,Sentinel2,0.3438,-0.1383,25.5,155.3,0.193
Ballari,2024-11,11,0.193,Sentinel2,0.2055,-0.0125,24.2,21.2,0.1443
Ballari,2024-12,12,0.1443,Sentinel2,0.193,-0.0487,23.7,30.5,0.1216
Ballari,2025-01,1,0.1216,Sentinel2,0.1443,-0.0227,23.6,0.2,0.1199
Ballari,2025-02,2,0.1199,Sentinel2,0.1216,-0.0017,27.1,0,0.1332
Ballari,2025-03,3,0.1332,Sentinel2,0.1199,0.0133,29.7,0.2,0.1302
Ballari,2025-04,4,0.1302,Sentinel2,0.1332,-0.003,30.8,32.1,0.1225
Ballari,2025-05,5,0.1225,Sentinel2,0.1302,-0.0077,28.5,160.5,0.3211
Ballari,2025-06,6,0.3211,MODIS,0.1225,0.1986,26.7,72,0.2081
Ballari,2025-07,7,0.2081,MODIS,0.3211,-0.113,25.6,116.1,0.3351
Ballari,2025-08,8,0.3351,MODIS,0.2081,0.127,24.9,208,0.3908
Ballari,2025-09,9,0.3908,MODIS,0.3351,0.0557,24.8,74.1,0.3592
Ballari,2025-10,10,0.3592,MODIS,0.3908,-0.0316,24.7,135.3,0.1662
Ballari,2025-11,11,0.1662,Sentinel2,0.3592,-0.193,23.4,9.2,0.1195
Vijayapura,2010-01,1,0.2714,MODIS,,,23.5,21.1,0.2643
Vijayapura,2010-02,2,0.2643,MODIS,0.2714,-0.0071,28.3,0.8,0.2462
Vijayapura,2010-03,3,0.2462,MODIS,0.2643,-0.0181,31.9,0.2,0.2466
Vijayapura,2010-04,4,0.2466,MODIS,0.2462,0.0004,33.7,8.9,0.2463
Vijayapura,2010-05,5,0.2463,MODIS,0.2466,-0.0003,33.2,10.1,0.246
Vijayapura,2010-06,6,0.246,MODIS,0.2463,-0.0003,27.5,145.6,0.2545
Vijayapura,2010-07,7,0.2545,MODIS,0.246,0.0085,24.4,240.8,0.2934
Vijayapura,2010-08,8,0.2934,MODIS,0.2545,0.0389,24.5,166.9,0.3309
Vijayapura,2010-09,9,0.3309,MODIS,0.2934,0.0375,24.6,110.4,0.3297
Vijayapura,2010-10,10,0.3297,MODIS,0.3309,-0.0012,24.6,133.9,0.3175
Vijayapura,2010-11,11,0.3175,MODIS,0.3297,-0.0122,23.7,65.3,0.303
Vijayapura,2010-12,12,0.303,MODIS,0.3175,-0.0145,22.9,4.8,0.2442
Vijayapura,2011-01,1,0.2442,MODIS,0.303,-0.0588,23.7,0.1,0.2405
Vijayapura,2011-02,2,0.2405,MODIS,0.2442,-0.0037,25.8,6.1,0.2432
Vijayapura,2011-03,3,0.2432,MODIS,0.2405,0.0027,30.6,0,0.2463
Vijayapura,2011-04,4,0.2463,MODIS,0.2432,0.0031,31.3,12.1,0.259
Vijayapura,2011-05,5,0.259,MODIS,0.2463,0.0127,31.7,20.9,0.2564
Vijayapura,2011-06,6,0.2564,MODIS,0.259,-0.0026,25.5,136.7,0.2818
Vijayapura,2011-07,7,0.2818,MODIS,0.2564,0.0254,24.6,172.6,0.1662
Vijayapura,2011-08,8,0.1662,MODIS,0.2818,-0.1156,24.2,150.5,0.3489
Vijayapura,2011-09,9,0.3489,MODIS,0.1662,0.1827,25,39.9,0.3334
Vijayapura,2011-10,10,0.3334,MODIS,0.3489,-0.0155,26.3,76,0.2948
Vijayapura,2011-11,11,0.2948,MODIS,0.3334,-0.0386,26.1,4.7,0.2581
Vijayapura,2011-12,12,0.2581,MODIS,0.2948,-0.0367,24.5,0,0.2411
Vijayapura,2012-01,1,0.2411,MODIS,0.2581,-0.017,24.6,0.2,0.2271
Vijayapura,2012-02,2,0.2271,MODIS,0.2411,-0.014,27.8,0,0.2197
Vijayapura,2012-03,3,0.2197,MODIS,0.2271,-0.0074,30.3,0.2,0.2516
Vijayapura,2012-04,4,0.2516,MODIS,0.2197,0.0319,32.1,14.2,0.2578
Vijayapura,2012-05,5,0.2578,MODIS,0.2516,0.0062,31.8,22.7,0.1711
Vijayapura,2012-06,6,0.1711,MODIS,0.2578,-0.0867,26.8,174,0.188
Vijayapura,2012-07,7,0.188,MODIS,0.1711,0.0169,25,88.6,0.1966
Vijayapura,2012-08,8,0.1966,MODIS,0.188,0.0086,25.6,73.9,0.2983
Vijayapura,2012-09,9,0.2983,MODIS,0.1966,0.1017,25.3,101.9,0.3246
Vijayapura,2012-10,10,0.3246,MODIS,0.2983,0.0263,24.8,141,0.3049
Vijayapura,2012-11,11,0.3049,MODIS,0.3246,-0.0197,24,57.9,0.282
Vijayapura,2012-12,12,0.282,MODIS,0.3049,-0.0229,24.9,1.8,0.2319
Vijayapura,2013-01,1,0.2319,MODIS,0.282,-0.0501,25.8,0.2,0.2358
Vijayapura,2013-02,2,0.2358,MODIS,0.2319,0.0039,27.3,2.3,0.2464
Vijayapura,2013-03,3,0.2464,MODIS,0.2358,0.0106,30.9,0.7,0.2352
Vijayapura,2013-04,4,0.2352,MODIS,0.2464,-0.0112,32.4,10.6,0.2422
Vijayapura,2013-05,5,0.2422,MODIS,0.2352,0.007,32.5,9.4,0.2372
Vijayapura,2013-06,6,0.2372,MODIS,0.2422,-0.005,25.2,156.9,0.2484
Vijayapura,2013-07,7,0.2484,MODIS,0.2372,0.0112,23.6,212.7,0.3304
Vijayapura,2013-08,8,0.3304,MODIS,0.2484,0.082,24,72.9,0.3205
Vijayapura,2013-09,9,0.3205,MODIS,0.3304,-0.0099,24.9,174.8,0.3812
Vijayapura,2013-10,10,0.3812,MODIS,0.3205,0.0607,25.1,96.9,0.3132
Vijayapura,2013-11,11,0.3132,MODIS,0.3812,-0.068,23.6,9.2,0.2844
Vijayapura,2013-12,12,0.2844,MODIS,0.3132,-0.0288,22.9,0.7,0.2609
Vijayapura,2014-01,1,0.2609,MODIS,0.2844,-0.0235,24.5,2.7,0.2389
Vijayapura,2014-02,2,0.2389,MODIS,0.2609,-0.022,25.6,13,0.2796
Vijayapura,2014-03,3,0.2796,MODIS,0.2389,0.0407,28.7,22.2,0.2627
Vijayapura,2014-04,4,0.2627,MODIS,0.2796,-0.0169,32.1,22.3,0.2778
Vijayapura,2014-05,5,0.2778,MODIS,0.2627,0.0151,31,58.1,0.2743
Vijayapura,2014-06,6,0.2743,MODIS,0.2778,-0.0035,28.7,59.3,0.2455
Vijayapura,2014-07,7,0.2455,MODIS,0.2743,-0.0288,24.8,182.3,0.2808
Vijayapura,2014-08,8,0.2808,MODIS,0.2455,0.0353,24.5,229.8,0.3601
Vijayapura,2014-09,9,0.3601,MODIS,0.2808,0.0793,25.4,37.4,0.3421
Vijayapura,2014-10,10,0.3421,MODIS,0.3601,-0.018,26.8,80.5,0.3459
Vijayapura,2014-11,11,0.3459,MODIS,0.3421,0.0038,24.7,23.8,0.3126
Vijayapura,2014-12,12,0.3126,MODIS,0.3459,-0.0333,23.5,17.2,0.2661
Vijayapura,2015-01,1,0.2661,MODIS,0.3126,-0.0465,23.8,2.3,0.2519
Vijayapura,2015-02,2,0.2519,MODIS,0.2661,-0.0142,26.5,0.1,0.2734
Vijayapura,2015-03,3,0.2734,MODIS,0.2519,0.0215,28.8,31.1,0.2844
Vijayapura,2015-04,4,0.2844,MODIS,0.2734,0.011,30.4,46,0.2698
Vijayapura,2015-05,5,0.2698,MODIS,0.2844,-0.0146,31.3,66.7,0.2971
Vijayapura,2015-06,6,0.2971,MODIS,0.2698,0.0273,26.6,108.7,0.2022
Vijayapura,2015-07,7,0.2022,MODIS,0.2971,-0.0949,26.9,21,0.2842
Vijayapura,2015-08,8,0.2842,MODIS,0.2022,0.082,26.3,57.4,0.3591
Vijayapura,2015-09,9,0.3591,MODIS,0.2842,0.0749,25.8,189.6,0.3423
Vijayapura,2015-10,10,0.3423,MODIS,0.3591,-0.0168,27.1,64.6,0.3011
Vijayapura,2015-11,11,0.3011,MODIS,0.3423,-0.0412,26.9,14.9,0.1535
Vijayapura,2015-12,12,0.1535,Sentinel2,0.3011,-0.1476,26.2,1.3,0.2646
Vijayapura,2016-01,1,0.2646,MODIS,0.1535,0.1111,25.2,0.6,0.2265
Vijayapura,2016-02,2,0.2265,MODIS,0.2646,-0.0381,29,1.2,0.1372
Vijayapura,2016-03,3,0.1372,Sentinel2,0.2265,-0.0893,31.3,15.5,0.2443
Vijayapura,2016-04,4,0.2443,MODIS,0.1372,0.1071,34.1,7.7,0.1436
Vijayapura,2016-05,5,0.1436,Sentinel2,0.2443,-0.1007,32.7,11.8,0.2071
Vijayapura,2016-06,6,0.2071,MODIS,0.1436,0.0635,26.2,225.9,0.2188
Vijayapura,2016-07,7,0.2188,MODIS,0.2071,0.0117,24.3,233.5,0.2925
Vijayapura,2016-08,8,0.2925,MODIS,0.2188,0.0737,24.7,90.6,0.2539
Vijayapura,2016-09,9,0.2539,MODIS,0.2925,-0.0386,24.3,193.4,0.3076
Vijayapura,2016-10,10,0.3076,MODIS,0.2539,0.0537,25.2,35.5,0.2633
Vijayapura,2016-11,11,0.2633,MODIS,0.3076,-0.0443,24.9,6,0.1394
Vijayapura,2016-12,12,0.1394,Sentinel2,0.2633,-0.1239,24,1.9,0.1334
Vijayapura,2017-01,1,0.1334,Sentinel2,0.1394,-0.006,24.4,0.1,0.1232
Vijayapura,2017-02,2,0.1232,Sentinel2,0.1334,-0.0102,27.4,0,0.1197
Vijayapura,2017-03,3,0.1197,Sentinel2,0.1232,-0.0035,30.1,0.8,0.1224
Vijayapura,2017-04,4,0.1224,Sentinel2,0.1197,0.0027,33.3,2,0.2284
Vijayapura,2017-05,5,0.2284,MODIS,0.1224,0.106,32.8,13,0.2137
Vijayapura,2017-06,6,0.2137,MODIS,0.2284,-0.0147,26.3,159,0.2296
Vijayapura,2017-07,7,0.2296,MODIS,0.2137,0.0159,25.7,68.2,0.2959
Vijayapura,2017-08,8,0.2959,MODIS,0.2296,0.0663,25.5,156.5,0.362
Vijayapura,2017-09,9,0.362,MODIS,0.2959,0.0661,25.2,191.1,0.3685
Vijayapura,2017-10,10,0.3685,MODIS,0.362,0.0065,25,160.2,0.1778
Vijayapura,2017-11,11,0.1778,Sentinel2,0.3685,-0.1907,25.4,9,0.1667
Vijayapura,2017-12,12,0.1667,Sentinel2,0.1778,-0.0111,24,5.6,0.1576
Vijayapura,2018-01,1,0.1576,Sentinel2,0.1667,-0.0091,24.6,0,0.243
Vijayapura,2018-02,2,0.243,MODIS,0.1576,0.0854,26.4,3.1,0.1373
Vijayapura,2018-03,3,0.1373,Sentinel2,0.243,-0.1057,30.3,4.5,0.1435
Vijayapura,2018-04,4,0.1435,Sentinel2,0.1373,0.0062,32.2,16.8,0.2299
Vijayapura,2018-05,5,0.2299,MODIS,0.1435,0.0864,32.8,24.5,0.2296
Vijayapura,2018-06,6,0.2296,MODIS,0.2299,-0.0003,25.5,177.3,0.1509
Vijayapura,2018-07,7,0.1509,MODIS,0.2296,-0.0787,24.2,134.1,0.1692
Vijayapura,2018-08,8,0.1692,MODIS,0.1509,0.0183,24.2,137,0.2788
Vijayapura,2018-09,9,0.2788,MODIS,0.1692,0.1096,25.5,66.5,0.2965
Vijayapura,2018-10,10,0.2965,MODIS,0.2788,0.0177,27.5,31.5,0.1475
Vijayapura,2018-11,11,0.1475,Sentinel2,0.2965,-0.149,26.6,10.2,0.1419
Vijayapura,2018-12,12,0.1419,Sentinel2,0.1475,-0.0056,24,5.2,0.1528
Vijayapura,2019-01,1,0.1528,Sentinel2,0.1419,0.0109,23.8,1.2,0.1269
Vijayapura,2019-02,2,0.1269,Sentinel2,0.1528,-0.0259,27.3,0.4,0.115
Vijayapura,2019-03,3,0.115,Sentinel2,0.1269,-0.0119,31,1.7,0.143
Vijayapura,2019-04,4,0.143,Sentinel2,0.115,0.028,33.2,7.9,0.1371
Vijayapura,2019-05,5,0.1371,Sentinel2,0.143,-0.0059,33.7,1.9,0.2776
Vijayapura,2019-06,6,0.2776,MODIS,0.1371,0.1405,28.6,139.6,0.1509
Vijayapura,2019-07,7,0.1509,MODIS,0.2776,-0.1267,25,129.2,0.2945
Vijayapura,2019-08,8,0.2945,MODIS,0.1509,0.1436,24.6,145.1,0.2335
Vijayapura,2019-09,9,0.2335,Sentinel2,0.2945,-0.061,24.4,169.5,0.2871
Vijayapura,2019-10,10,0.2871,MODIS,0.2335,0.0536,24.2,234.4,0.2369
Vijayapura,2019-11,11,0.2369,Sentinel2,0.2871,-0.0502,24.1,23.2,0.2141
Vijayapura,2019-12,12,0.2141,Sentinel2,0.2369,-0.0228,24.3,6,0.1533
Vijayapura,2020-01,1,0.1533,Sentinel2,0.2141,-0.0608,25.1,4.7,0.1319
Vijayapura,2020-02,2,0.1319,Sentinel2,0.1533,-0.0214,26.9,1.8,0.1553
Vijayapura,2020-03,3,0.1553,Sentinel2,0.1319,0.0234,29.6,3.3,0.1909
Vijayapura,2020-04,4,0.1909,Sentinel2,0.1553,0.0356,32.5,3.7,0.1623
Vijayapura,2020-05,5,0.1623,Sentinel2,0.1909,-0.0286,32.9,10.6,0.2042
Vijayapura,2020-06,6,0.2042,Sentinel2,0.1623,0.0419,25.9,163.5,0.2106
Vijayapura,2020-07,7,0.2106,MODIS,0.2042,0.0064,24.9,245.6,0.2385
Vijayapura,2020-08,8,0.2385,MODIS,0.2106,0.0279,24.2,158.1,0.3225
Vijayapura,2020-09,9,0.3225,MODIS,0.2385,0.084,24.9,209.1,0.2771
Vijayapura,2020-10,10,0.2771,Sentinel2,0.3225,-0.0454,24.7,205.1,0.2381
Vijayapura,2020-11,11,0.2381,Sentinel2,0.2771,-0.039,25.1,7,0.2377
Vijayapura,2020-12,12,0.2377,Sentinel2,0.2381,-0.0004,24.2,0.5,0.1602
Vijayapura,2021-01,1,0.1602,Sentinel2,0.2377,-0.0775,25.9,2.2,0.1555
Vijayapura,2021-02,2,0.1555,Sentinel2,0.1602,-0.0047,26,0.7,0.1504
Vijayapura,2021-03,3,0.1504,Sentinel2,0.1555,-0.0051,30.5,0.6,0.1644
Vijayapura,2021-04,4,0.1644,Sentinel2,0.1504,0.014,31.1,32.9,0.1689
Vijayapura,2021-05,5,0.1689,Sentinel2,0.1644,0.0045,29.7,51.8,0.2889
Vijayapura,2021-06,6,0.2889,MODIS,0.1689,0.12,25.2,156.1,0.272
Vijayapura,2021-07,7,0.272,MODIS,0.2889,-0.0169,24.6,254,0.2457
Vijayapura,2021-08,8,0.2457,Sentinel2,0.272,-0.0263,25.1,65.8,0.2871
Vijayapura,2021-09,9,0.2871,Sentinel2,0.2457,0.0414,24.4,189.5,0.2045
Vijayapura,2021-10,10,0.2045,Sentinel2,0.2871,-0.0826,25.4,52.7,0.3173
Vijayapura,2021-11,11,0.3173,MODIS,0.2045,0.1128,25,39.3,0.1916
Vijayapura,2021-12,12,0.1916,Sentinel2,0.3173,-0.1257,23.9,8,0.1913
Vijayapura,2022-01,1,0.1913,Sentinel2,0.1916,-0.0003,23.5,1.1,0.1237
Vijayapura,2022-02,2,0.1237,Sentinel2,0.1913,-0.0676,26.6,0,0.1463
Vijayapura,2022-03,3,0.1463,Sentinel2,0.1237,0.0226,30.5,0.2,0.1424
Vijayapura,2022-04,4,0.1424,Sentinel2,0.1463,-0.0039,32.7,10.7,0.1634
Vijayapura,2022-05,5,0.1634,Sentinel2,0.1424,0.021,30.5,64.4,0.1752
Vijayapura,2022-06,6,0.1752,Sentinel2,0.1634,0.0118,27.3,101.6,0.2539
Vijayapura,2022-07,7,0.2539,MODIS,0.1752,0.0787,24.3,230.7,0.2758
Vijayapura,2022-08,8,0.2758,MODIS,0.2539,0.0219,24.6,152.4,0.3794
Vijayapura,2022-09,9,0.3794,MODIS,0.2758,0.1036,24.5,189.7,0.2075
Vijayapura,2022-10,10,0.2075,Sentinel2,0.3794,-0.1719,23.7,190.6,0.1675
Vijayapura,2022-11,11,0.1675,Sentinel2,0.2075,-0.04,25,3,0.1547
Vijayapura,2022-12,12,0.1547,Sentinel2,0.1675,-0.0128,24.1,30.7,0.14
Vijayapura,2023-01,1,0.14,Sentinel2,0.1547,-0.0147,24.3,1,0.1384
Vijayapura,2023-02,2,0.1384,Sentinel2,0.14,-0.0016,27.1,0,0.1376
Vijayapura,2023-03,3,0.1376,Sentinel2,0.1384,-0.0008,28.4,3.5,0.1462
Vijayapura,2023-04,4,0.1462,Sentinel2,0.1376,0.0086,31.2,47,0.1627
Vijayapura,2023-05,5,0.1627,Sentinel2,0.1462,0.0165,31.3,17.1,0.1501
Vijayapura,2023-06,6,0.1501,Sentinel2,0.1627,-0.0126,29.7,23.9,0.1843
Vijayapura,2023-07,7,0.1843,MODIS,0.1501,0.0342,24.7,313.2,0.318
Vijayapura,2023-08,8,0.318,MODIS,0.1843,0.1337,25.9,21.7,0.3229
Vijayapura,2023-09,9,0.3229,MODIS,0.318,0.0049,25.5,158.1,0.1601
Vijayapura,2023-10,10,0.1601,Sentinel2,0.3229,-0.1628,27.1,13.5,0.1684
Vijayapura,2023-11,11,0.1684,Sentinel2,0.1601,0.0083,25.7,62.1,0.1687
Vijayapura,2023-12,12,0.1687,Sentinel2,0.1684,0.0003,24.2,1.3,0.1467
Vijayapura,2024-01,1,0.1467,Sentinel2,0.1687,-0.022,25.5,1.2,0.1284
Vijayapura,2024-02,2,0.1284,Sentinel2,0.1467,-0.0183,28.3,0.3,0.1289
Vijayapura,2024-03,3,0.1289,Sentinel2,0.1284,0.0005,31.6,0.1,0.1349
Vijayapura,2024-04,4,0.1349,Sentinel2,0.1289,0.006,34,14.4,0.1572
Vijayapura,2024-05,5,0.1572,Sentinel2,0.1349,0.0223,32.1,31.3,0.3458
Vijayapura,2024-06,6,0.3458,MODIS,0.1572,0.1886,26.2,536.6,0.2245
Vijayapura,2024-07,7,0.2245,MODIS,0.3458,-0.1213,24.6,237.6,0.1514
Vijayapura,2024-08,8,0.1514,Sentinel2,0.2245,-0.0731,25,164.9,0.3955
Vijayapura,2024-09,9,0.3955,MODIS,0.1514,0.2441,24.6,169.9,0.2067
Vijayapura,2024-10,10,0.2067,Sentinel2,0.3955,-0.1888,25,134.1,0.1999
Vijayapura,2024-11,11,0.1999,Sentinel2,0.2067,-0.0068,24.5,4.9,0.1605
Vijayapura,2024-12,12,0.1605,Sentinel2,0.1999,-0.0394,24.6,15.1,0.1543
Vijayapura,2025-01,1,0.1543,Sentinel2,0.1605,-0.0062,24.6,0,0.1363
Vijayapura,2025-02,2,0.1363,Sentinel2,0.1543,-0.018,28.1,0.1,0.1413
Vijayapura,2025-03,3,0.1413,Sentinel2,0.1363,0.005,31.1,0.2,0.1353
Vijayapura,2025-04,4,0.1353,Sentinel2,0.1413,-0.006,32.2,15.7,0.1525
Vijayapura,2025-05,5,0.1525,Sentinel2,0.1353,0.0172,28.1,247.9,0.2153
Vijayapura,2025-06,6,0.2153,MODIS,0.1525,0.0628,25.5,122.4,0.344
Vijayapura,2025-07,7,0.344,MODIS,0.2153,0.1287,24.7,124.2,0.3901
Vijayapura,2025-08,8,0.3901,MODIS,0.344,0.0461,24.1,235.6,0.3806
Vijayapura,2025-09,9,0.3806,MODIS,0.3901,-0.0095,23.7,258.7,0.1706
Vijayapura,2025-10,10,0.1706,Sentinel2,0.3806,-0.21,24.8,62.3,0.187
Vijayapura,2025-11,11,0.187,Sentinel2,0.1706,0.0164,24.3,4.1,0.1633
Kalaburagi,2010-01,1,0.3062,MODIS,,,23.3,29.4,0.2717
Kalaburagi,2010-02,2,0.2717,MODIS,0.3062,-0.0345,26.7,3.9,0.2726
Kalaburagi,2010-03,3,0.2726,MODIS,0.2717,0.0009,30.7,0.2,0.2513
Kalaburagi,2010-04,4,0.2513,MODIS,0.2726,-0.0213,33.8,8.9,0.2611
Kalaburagi,2010-05,5,0.2611,MODIS,0.2513,0.0098,34.4,10.9,0.2888
Kalaburagi,2010-06,6,0.2888,MODIS,0.2611,0.0277,29,141.9,0.3598
Kalaburagi,2010-07,7,0.3598,MODIS,0.2888,0.071,25.1,415.9,0.4144
Kalaburagi,2010-08,8,0.4144,MODIS,0.3598,0.0546,25.2,257.1,0.3985
Kalaburagi,2010-09,9,0.3985,MODIS,0.4144,-0.0159,25,197.8,0.4127
Kalaburagi,2010-10,10,0.4127,MODIS,0.3985,0.0142,24.6,116.3,0.4137
Kalaburagi,2010-11,11,0.4137,MODIS,0.4127,0.001,23.9,50.4,0.3521
Kalaburagi,2010-12,12,0.3521,MODIS,0.4137,-0.0616,21.9,3.3,0.305
Kalaburagi,2011-01,1,0.305,MODIS,0.3521,-0.0471,22.8,0.1,0.2856
Kalaburagi,2011-02,2,0.2856,MODIS,0.305,-0.0194,24.7,4.5,0.2875
Kalaburagi,2011-03,3,0.2875,MODIS,0.2856,0.0019,29.3,0.1,0.2713
Kalaburagi,2011-04,4,0.2713,MODIS,0.2875,-0.0162,30.9,13.9,0.257
Kalaburagi,2011-05,5,0.257,MODIS,0.2713,-0.0143,32.9,20.9,0.3014
Kalaburagi,2011-06,6,0.3014,MODIS,0.257,0.0444,27.1,108.9,0.2253
Kalaburagi,2011-07,7,0.2253,MODIS,0.3014,-0.0761,25.5,238.9,0.3141
Kalaburagi,2011-08,8,0.3141,MODIS,0.2253,0.0888,24.9,261.2,0.4011
Kalaburagi,2011-09,9,0.4011,MODIS,0.3141,0.087,25.1,89.4,0.4219
Kalaburagi,2011-10,10,0.4219,MODIS,0.4011,0.0208,25.7,47.9,0.3659
Kalaburagi,2011-11,11,0.3659,MODIS,0.4219,-0.056,25.1,1.6,0.3119
Kalaburagi,2011-12,12,0.3119,MODIS,0.3659,-0.054,23.6,0.4,0.2762
Kalaburagi,2012-01,1,0.2762,MODIS,0.3119,-0.0357,23.5,1.5,0.2537
Kalaburagi,2012-02,2,0.2537,MODIS,0.2762,-0.0225,26.2,0.1,0.2483
Kalaburagi,2012-03,3,0.2483,MODIS,0.2537,-0.0054,29.3,1.6,0.2609
Kalaburagi,2012-04,4,0.2609,MODIS,0.2483,0.0126,31.9,19.8,0.2566
Kalaburagi,2012-05,5,0.2566,MODIS,0.2609,-0.0043,33.9,17.1,0.2537
Kalaburagi,2012-06,6,0.2537,MODIS,0.2566,-0.0029,28.6,119.8,0.3415
Kalaburagi,2012-07,7,0.3415,MODIS,0.2537,0.0878,25.9,156.8,0.3269
Kalaburagi,2012-08,8,0.3269,MODIS,0.3415,-0.0146,26.1,111.2,0.3844
Kalaburagi,2012-09,9,0.3844,MODIS,0.3269,0.0575,25.5,123.5,0.3928
Kalaburagi,2012-10,10,0.3928,MODIS,0.3844,0.0084,24.4,173.1,0.3611
Kalaburagi,2012-11,11,0.3611,MODIS,0.3928,-0.0317,24.3,29.9,0.3078
Kalaburagi,2012-12,12,0.3078,MODIS,0.3611,-0.0533,24.3,1.8,0.2826
Kalaburagi,2013-01,1,0.2826,MODIS,0.3078,-0.0252,24.7,0.4,0.2991
Kalaburagi,2013-02,2,0.2991,MODIS,0.2826,0.0165,26.3,5.8,0.2841
Kalaburagi,2013-03,3,0.2841,MODIS,0.2991,-0.015,30.2,0.1,0.2736
Kalaburagi,2013-04,4,0.2736,MODIS,0.2841,-0.0105,32.7,14.1,0.2822
Kalaburagi,2013-05,5,0.2822,MODIS,0.2736,0.0086,34.6,14.6,0.2516
Kalaburagi,2013-06,6,0.2516,MODIS,0.2822,-0.0306,26,259,0.341
Kalaburagi,2013-07,7,0.341,MODIS,0.2516,0.0894,24.2,344.6,0.3068
Kalaburagi,2013-08,8,0.3068,MODIS,0.341,-0.0342,24.7,110.1,0.4031
Kalaburagi,2013-09,9,0.4031,MODIS,0.3068,0.0963,25.1,194.9,0.3975
Kalaburagi,2013-10,10,0.3975,MODIS,0.4031,-0.0056,24.6,128.2,0.3412
Kalaburagi,2013-11,11,0.3412,MODIS,0.3975,-0.0563,23.1,13.8,0.3005
Kalaburagi,2013-12,12,0.3005,MODIS,0.3412,-0.0407,22,1.3,0.2783
Kalaburagi,2014-01,1,0.2783,MODIS,0.3005,-0.0222,23.7,4.3,0.2599
Kalaburagi,2014-02,2,0.2599,MODIS,0.2783,-0.0184,25,7,0.3003
Kalaburagi,2014-03,3,0.3003,MODIS,0.2599,0.0404,28.1,27.2,0.3019
Kalaburagi,2014-04,4,0.3019,MODIS,0.3003,0.0016,31.7,16.7,0.3004
Kalaburagi,2014-05,5,0.3004,MODIS,0.3019,-0.0015,32.2,39.1,0.3189
Kalaburagi,2014-06,6,0.3189,MODIS,0.3004,0.0185,30.7,30,0.2683
Kalaburagi,2014-07,7,0.2683,MODIS,0.3189,-0.0506,25.8,321.5,0.3205
Kalaburagi,2014-08,8,0.3205,MODIS,0.2683,0.0522,25.2,248.4,0.3743
Kalaburagi,2014-09,9,0.3743,MODIS,0.3205,0.0538,25.2,96.1,0.3817
Kalaburagi,2014-10,10,0.3817,MODIS,0.3743,0.0074,25.8,53.8,0.3658
Kalaburagi,2014-11,11,0.3658,MODIS,0.3817,-0.0159,24.3,29,0.3374
Kalaburagi,2014-12,12,0.3374,MODIS,0.3658,-0.0284,22.4,9.5,0.3091
Kalaburagi,2015-01,1,0.3091,MODIS,0.3374,-0.0283,22.3,4,0.263
Kalaburagi,2015-02,2,0.263,MODIS,0.3091,-0.0461,24.9,1.1,0.3087
Kalaburagi,2015-03,3,0.3087,MODIS,0.263,0.0457,28,23.6,0.3022
Kalaburagi,2015-04,4,0.3022,MODIS,0.3087,-0.0065,29.8,61.6,0.2763
Kalaburagi,2015-05,5,0.2763,MODIS,0.3022,-0.0259,32.8,34.7,0.2822
Kalaburagi,2015-06,6,0.2822,MODIS,0.2763,0.0059,27.8,156.1,0.2617
Kalaburagi,2015-07,7,0.2617,MODIS,0.2822,-0.0205,28.3,26.5,0.3631
Kalaburagi,2015-08,8,0.3631,MODIS,0.2617,0.1014,26.8,85,0.43
Kalaburagi,2015-09,9,0.43,MODIS,0.3631,0.0669,26,210.2,0.385
Kalaburagi,2015-10,10,0.385,MODIS,0.43,-0.045,26.8,44.7,0.3428
Kalaburagi,2015-11,11,0.3428,MODIS,0.385,-0.0422,26.6,2,0.1524
Kalaburagi,2015-12,12,0.1524,Sentinel2,0.3428,-0.1904,25.5,0.7,0.2718
Kalaburagi,2016-01,1,0.2718,MODIS,0.1524,0.1194,23.9,0.8,0.236
Kalaburagi,2016-02,2,0.236,MODIS,0.2718,-0.0358,27.6,1.4,0.1416
Kalaburagi,2016-03,3,0.1416,Sentinel2,0.236,-0.0944,30.7,9.1,0.2463
Kalaburagi,2016-04,4,0.2463,MODIS,0.1416,0.1047,34.3,6.6,0.1206
Kalaburagi,2016-05,5,0.1206,Sentinel2,0.2463,-0.1257,33.3,15.3,0.258
Kalaburagi,2016-06,6,0.258,MODIS,0.1206,0.1374,27.3,230.4,0.2517
Kalaburagi,2016-07,7,0.2517,MODIS,0.258,-0.0063,25.1,285.3,0.3711
Kalaburagi,2016-08,8,0.3711,MODIS,0.2517,0.1194,25.4,106.2,0.2581
Kalaburagi,2016-09,9,0.2581,MODIS,0.3711,-0.113,24.6,274.5,0.3832
Kalaburagi,2016-10,10,0.3832,MODIS,0.2581,0.1251,24.4,26.1,0.3402
Kalaburagi,2016-11,11,0.3402,MODIS,0.3832,-0.043,24,0.5,0.165
Kalaburagi,2016-12,12,0.165,Sentinel2,0.3402,-0.1752,23.3,1.3,0.1499
Kalaburagi,2017-01,1,0.1499,Sentinel2,0.165,-0.0151,23.4,0.2,0.1314
Kalaburagi,2017-02,2,0.1314,Sentinel2,0.1499,-0.0185,25.9,0,0.1609
Kalaburagi,2017-03,3,0.1609,Sentinel2,0.1314,0.0295,29,3.5,0.1458
Kalaburagi,2017-04,4,0.1458,Sentinel2,0.1609,-0.0151,33.3,4.4,0.2656
Kalaburagi,2017-05,5,0.2656,MODIS,0.1458,0.1198,33.8,15.6,0.2919
Kalaburagi,2017-06,6,0.2919,MODIS,0.2656,0.0263,27.3,243.6,0.32
Kalaburagi,2017-07,7,0.32,MODIS,0.2919,0.0281,26.3,149.5,0.3898
Kalaburagi,2017-08,8,0.3898,MODIS,0.32,0.0698,25.7,247.6,0.3838
Kalaburagi,2017-09,9,0.3838,MODIS,0.3898,-0.006,25.7,160.7,0.4225
Kalaburagi,2017-10,10,0.4225,MODIS,0.3838,0.0387,25,146.2,0.2063
Kalaburagi,2017-11,11,0.2063,Sentinel2,0.4225,-0.2162,24.1,1.5,0.1738
Kalaburagi,2017-12,12,0.1738,Sentinel2,0.2063,-0.0325,22.9,0.2,0.1513
Kalaburagi,2018-01,1,0.1513,Sentinel2,0.1738,-0.0225,23.2,0,0.266
Kalaburagi,2018-02,2,0.266,MODIS,0.1513,0.1147,24.9,7.6,0.1548
Kalaburagi,2018-03,3,0.1548,Sentinel2,0.266,-0.1112,28.8,1.8,0.1544
Kalaburagi,2018-04,4,0.1544,Sentinel2,0.1548,-0.0004,31.4,12.4,0.1462
Kalaburagi,2018-05,5,0.1462,Sentinel2,0.1544,-0.0082,33.2,19,0.2549
Kalaburagi,2018-06,6,0.2549,MODIS,0.1462,0.1087,26.8,214.9,0.2198
Kalaburagi,2018-07,7,0.2198,MODIS,0.2549,-0.0351,25.1,215.1,0.245
Kalaburagi,2018-08,8,0.245,MODIS,0.2198,0.0252,24.7,154.8,0.4115
Kalaburagi,2018-09,9,0.4115,MODIS,0.245,0.1665,25.4,63.7,0.3652
Kalaburagi,2018-10,10,0.3652,MODIS,0.4115,-0.0463,26.4,18.7,0.1879
Kalaburagi,2018-11,11,0.1879,Sentinel2,0.3652,-0.1773,25.4,6.1,0.1811
Kalaburagi,2018-12,12,0.1811,Sentinel2,0.1879,-0.0068,23,4,0.1934
Kalaburagi,2019-01,1,0.1934,Sentinel2,0.1811,0.0123,22.1,3,0.1431
Kalaburagi,2019-02,2,0.1431,Sentinel2,0.1934,-0.0503,25.9,0.1,0.146
Kalaburagi,2019-03,3,0.146,Sentinel2,0.1431,0.0029,30,1.5,0.1274
Kalaburagi,2019-04,4,0.1274,Sentinel2,0.146,-0.0186,32.7,5.3,0.1459
Kalaburagi,2019-05,5,0.1459,Sentinel2,0.1274,0.0185,34.8,5,0.2213
Kalaburagi,2019-06,6,0.2213,Sentinel2,0.1459,0.0754,30,115.1,0.3859
Kalaburagi,2019-07,7,0.3859,MODIS,0.2213,0.1646,25.8,259.8,0.2991
Kalaburagi,2019-08,8,0.2991,MODIS,0.3859,-0.0868,25.2,236.2,0.4728
Kalaburagi,2019-09,9,0.4728,MODIS,0.2991,0.1737,24.8,243.9,0.2487
Kalaburagi,2019-10,10,0.2487,MODIS,0.4728,-0.2241,24.5,189.3,0.2903
Kalaburagi,2019-11,11,0.2903,Sentinel2,0.2487,0.0416,24.1,16.4,0.2172
Kalaburagi,2019-12,12,0.2172,Sentinel2,0.2903,-0.0731,23.3,7.7,0.1646
Kalaburagi,2020-01,1,0.1646,Sentinel2,0.2172,-0.0526,23.9,6.2,0.1604
Kalaburagi,2020-02,2,0.1604,Sentinel2,0.1646,-0.0042,25.5,3.3,0.1619
Kalaburagi,2020-03,3,0.1619,Sentinel2,0.1604,0.0015,28.3,10.4,0.1977
Kalaburagi,2020-04,4,0.1977,Sentinel2,0.1619,0.0358,31.5,4.7,0.1735
Kalaburagi,2020-05,5,0.1735,Sentinel2,0.1977,-0.0242,33.3,15.6,0.2371
Kalaburagi,2020-06,6,0.2371,Sentinel2,0.1735,0.0636,27.2,160.7,0.3122
Kalaburagi,2020-07,7,0.3122,MODIS,0.2371,0.0751,25.5,281.2,0.4452
Kalaburagi,2020-08,8,0.4452,MODIS,0.3122,0.133,24.7,249.3,0.3916
Kalaburagi,2020-09,9,0.3916,MODIS,0.4452,-0.0536,25.2,262,0.3113
Kalaburagi,2020-10,10,0.3113,Sentinel2,0.3916,-0.0803,25,211.1,0.2882
Kalaburagi,2020-11,11,0.2882,Sentinel2,0.3113,-0.0231,24.4,6.7,0.2197
Kalaburagi,2020-12,12,0.2197,Sentinel2,0.2882,-0.0685,23.1,0,0.1873
Kalaburagi,2021-01,1,0.1873,Sentinel2,0.2197,-0.0324,24.3,3.6,0.1579
Kalaburagi,2021-02,2,0.1579,Sentinel2,0.1873,-0.0294,24.2,0.4,0.1678
Kalaburagi,2021-03,3,0.1678,Sentinel2,0.1579,0.0099,28.3,0.4,0.1821
Kalaburagi,2021-04,4,0.1821,Sentinel2,0.1678,0.0143,30.5,22,0.194
Kalaburagi,2021-05,5,0.194,Sentinel2,0.1821,0.0119,30.5,46.4,0.315
Kalaburagi,2021-06,6,0.315,Sentinel2,0.194,0.121,26.5,188.2,0.3513
Kalaburagi,2021-07,7,0.3513,MODIS,0.315,0.0363,25.4,394.2,0.3779
Kalaburagi,2021-08,8,0.3779,MODIS,0.3513,0.0266,25.5,121.4,0.4249
Kalaburagi,2021-09,9,0.4249,MODIS,0.3779,0.047,24.6,305.2,0.2718
Kalaburagi,2021-10,10,0.2718,Sentinel2,0.4249,-0.1531,25.2,58.9,0.4172
Kalaburagi,2021-11,11,0.4172,MODIS,0.2718,0.1454,24.7,36.3,0.2247
Kalaburagi,2021-12,12,0.2247,Sentinel2,0.4172,-0.1925,23.5,1.2,0.1881
Kalaburagi,2022-01,1,0.1881,Sentinel2,0.2247,-0.0366,22.4,4.1,0.1435
Kalaburagi,2022-02,2,0.1435,Sentinel2,0.1881,-0.0446,24.9,0,0.1591
Kalaburagi,2022-03,3,0.1591,Sentinel2,0.1435,0.0156,29.2,0.3,0.1434
Kalaburagi,2022-04,4,0.1434,Sentinel2,0.1591,-0.0157,32.1,6.9,0.1408
Kalaburagi,2022-05,5,0.1408,Sentinel2,0.1434,-0.0026,31.6,39.2,0.1588
Kalaburagi,2022-06,6,0.1588,Sentinel2,0.1408,0.018,28.4,129.1,0.4099
Kalaburagi,2022-07,7,0.4099,MODIS,0.1588,0.2511,24.6,421,0.4138
Kalaburagi,2022-08,8,0.4138,MODIS,0.4099,0.0039,25.2,232.1,0.3972
Kalaburagi,2022-09,9,0.3972,MODIS,0.4138,-0.0166,24.9,185.2,0.2265
Kalaburagi,2022-10,10,0.2265,Sentinel2,0.3972,-0.1707,23.8,118.3,0.2072
Kalaburagi,2022-11,11,0.2072,Sentinel2,0.2265,-0.0193,23.5,0.9,0.1692
Kalaburagi,2022-12,12,0.1692,Sentinel2,0.2072,-0.038,23.6,21.2,0.1604
Kalaburagi,2023-01,1,0.1604,Sentinel2,0.1692,-0.0088,22.7,0.5,0.1369
Kalaburagi,2023-02,2,0.1369,Sentinel2,0.1604,-0.0235,25.1,0,0.1557
Kalaburagi,2023-03,3,0.1557,Sentinel2,0.1369,0.0188,26.7,20.4,0.134
Kalaburagi,2023-04,4,0.134,Sentinel2,0.1557,-0.0217,30.6,57.3,0.1796
Kalaburagi,2023-05,5,0.1796,Sentinel2,0.134,0.0456,31.6,20.8,0.1627
Kalaburagi,2023-06,6,0.1627,Sentinel2,0.1796,-0.0169,30.9,45.6,0.2094
Kalaburagi,2023-07,7,0.2094,MODIS,0.1627,0.0467,25.3,413,0.3381
Kalaburagi,2023-08,8,0.3381,MODIS,0.2094,0.1287,26.3,33.8,0.4399
Kalaburagi,2023-09,9,0.4399,MODIS,0.3381,0.1018,25.6,186.7,0.2289
Kalaburagi,2023-10,10,0.2289,Sentinel2,0.4399,-0.211,25.8,7.2,0.1899
Kalaburagi,2023-11,11,0.1899,Sentinel2,0.2289,-0.039,25.5,26.4,0.1833
Kalaburagi,2023-12,12,0.1833,Sentinel2,0.1899,-0.0066,23.3,1.7,0.1445
Kalaburagi,2024-01,1,0.1445,Sentinel2,0.1833,-0.0388,24.2,0.1,0.1271
Kalaburagi,2024-02,2,0.1271,Sentinel2,0.1445,-0.0174,26.4,0.5,0.1346
Kalaburagi,2024-03,3,0.1346,Sentinel2,0.1271,0.0075,30.2,0.3,0.1494
Kalaburagi,2024-04,4,0.1494,Sentinel2,0.1346,0.0148,33.2,5.5,0.1513
Kalaburagi,2024-05,5,0.1513,Sentinel2,0.1494,0.0019,32.4,45.6,0.3274
Kalaburagi,2024-06,6,0.3274,MODIS,0.1513,0.1761,26.9,414.1,0.2638
Kalaburagi,2024-07,7,0.2638,MODIS,0.3274,-0.0636,25,411.5,0.3065
Kalaburagi,2024-08,8,0.3065,MODIS,0.2638,0.0427,25.5,200.7,0.4522
Kalaburagi,2024-09,9,0.4522,MODIS,0.3065,0.1457,24.9,295.5,0.2329
Kalaburagi,2024-10,10,0.2329,Sentinel2,0.4522,-0.2193,25.2,95.9,0.2119
Kalaburagi,2024-11,11,0.2119,Sentinel2,0.2329,-0.021,23.7,3.1,0.177
Kalaburagi,2024-12,12,0.177,Sentinel2,0.2119,-0.0349,23.7,12,0.1633
Kalaburagi,2025-01,1,0.1633,Sentinel2,0.177,-0.0137,23,0,0.1363
Kalaburagi,2025-02,2,0.1363,Sentinel2,0.1633,-0.027,26.1,0,0.1478
Kalaburagi,2025-03,3,0.1478,Sentinel2,0.1363,0.0115,29.1,1,0.1435
Kalaburagi,2025-04,4,0.1435,Sentinel2,0.1478,-0.0043,31.6,10.3,0.1404
Kalaburagi,2025-05,5,0.1404,Sentinel2,0.1435,-0.0031,28.9,227.2,0.2062
Kalaburagi,2025-06,6,0.2062,Sentinel2,0.1404,0.0658,26.6,101.8,0.2554
Kalaburagi,2025-07,7,0.2554,MODIS,0.2062,0.0492,25.3,205.7,0.3097
Kalaburagi,2025-08,8,0.3097,MODIS,0.2554,0.0543,24.5,316,0.4374
Kalaburagi,2025-09,9,0.4374,MODIS,0.3097,0.1277,24.2,310,0.2059
Kalaburagi,2025-10,10,0.2059,Sentinel2,0.4374,-0.2315,24.6,103.6,0.202
Kalaburagi,2025-11,11,0.202,Sentinel2,0.2059,-0.0039,22.9,3.9,0.1735
Chamarajanagar,2010-01,1,0.3974,MODIS,,,23,6.8,0.3325
Chamarajanagar,2010-02,2,0.3325,MODIS,0.3974,-0.0649,25.7,1,0.3309
Chamarajanagar,2010-03,3,0.3309,MODIS,0.3325,-0.0016,28,2,0.3428
Chamarajanagar,2010-04,4,0.3428,MODIS,0.3309,0.0119,28.7,56,0.4062
Chamarajanagar,2010-05,5,0.4062,MODIS,0.3428,0.0634,26.7,166.6,0.3696
Chamarajanagar,2010-06,6,0.3696,MODIS,0.4062,-0.0366,24.2,157.7,0.3268
Chamarajanagar,2010-07,7,0.3268,MODIS,0.3696,-0.0428,22.8,196.1,0.2831
Chamarajanagar,2010-08,8,0.2831,MODIS,0.3268,-0.0437,23.1,141.4,0.4737
Chamarajanagar,2010-09,9,0.4737,MODIS,0.2831,0.1906,23.3,94.4,0.4674
Chamarajanagar,2010-10,10,0.4674,MODIS,0.4737,-0.0063,23,150.3,0.5384
Chamarajanagar,2010-11,11,0.5384,MODIS,0.4674,0.071,22.1,247.5,0.4863
Chamarajanagar,2010-12,12,0.4863,MODIS,0.5384,-0.0521,20.8,35.6,0.4327
Chamarajanagar,2011-01,1,0.4327,MODIS,0.4863,-0.0536,21.6,2.6,0.374
Chamarajanagar,2011-02,2,0.374,MODIS,0.4327,-0.0587,23.2,14.5,0.3777
Chamarajanagar,2011-03,3,0.3777,MODIS,0.374,0.0037,26,4.1,0.4541
Chamarajanagar,2011-04,4,0.4541,MODIS,0.3777,0.0764,26.3,108.1,0.4601
Chamarajanagar,2011-05,5,0.4601,MODIS,0.4541,0.006,26.2,55.4,0.3423
Chamarajanagar,2011-06,6,0.3423,MODIS,0.4601,-0.1178,23.7,136,0.2025
Chamarajanagar,2011-07,7,0.2025,MODIS,0.3423,-0.1398,23,160.1,0.3071
Chamarajanagar,2011-08,8,0.3071,MODIS,0.2025,0.1046,22.7,208.9,0.4378
Chamarajanagar,2011-09,9,0.4378,MODIS,0.3071,0.1307,23.1,86.7,0.5089
Chamarajanagar,2011-10,10,0.5089,MODIS,0.4378,0.0711,23.2,179.3,0.5202
Chamarajanagar,2011-11,11,0.5202,MODIS,0.5089,0.0113,21.6,105.3,0.4669
Chamarajanagar,2011-12,12,0.4669,MODIS,0.5202,-0.0533,21,12.9,0.4085
Chamarajanagar,2012-01,1,0.4085,MODIS,0.4669,-0.0584,21.8,1,0.3429
Chamarajanagar,2012-02,2,0.3429,MODIS,0.4085,-0.0656,24.4,0.4,0.3177
Chamarajanagar,2012-03,3,0.3177,MODIS,0.3429,-0.0252,27.5,1.2,0.3668
Chamarajanagar,2012-04,4,0.3668,MODIS,0.3177,0.0491,27.7,76.8,0.4211
Chamarajanagar,2012-05,5,0.4211,MODIS,0.3668,0.0543,26.1,45.8,0.2858
Chamarajanagar,2012-06,6,0.2858,MODIS,0.4211,-0.1353,24.3,82.3,0.3273
Chamarajanagar,2012-07,7,0.3273,MODIS,0.2858,0.0415,23.7,68.6,0.3371
Chamarajanagar,2012-08,8,0.3371,MODIS,0.3273,0.0098,23,171.1,0.3492
Chamarajanagar,2012-09,9,0.3492,MODIS,0.3371,0.0121,23.5,63.3,0.4411
Chamarajanagar,2012-10,10,0.4411,MODIS,0.3492,0.0919,23.2,241.6,0.4463
Chamarajanagar,2012-11,11,0.4463,MODIS,0.4411,0.0052,22.9,22.3,0.3683
Chamarajanagar,2012-12,12,0.3683,MODIS,0.4463,-0.078,22.3,31.9,0.3342
Chamarajanagar,2013-01,1,0.3342,MODIS,0.3683,-0.0341,23.3,0,0.3075
Chamarajanagar,2013-02,2,0.3075,MODIS,0.3342,-0.0267,24.6,14.7,0.3081
Chamarajanagar,2013-03,3,0.3081,MODIS,0.3075,0.0006,27.5,8.5,0.3036
Chamarajanagar,2013-04,4,0.3036,MODIS,0.3081,-0.0045,28.4,20.8,0.3271
Chamarajanagar,2013-05,5,0.3271,MODIS,0.3036,0.0235,26.5,132.1,0.2423
Chamarajanagar,2013-06,6,0.2423,MODIS,0.3271,-0.0848,22.9,144.4,0.2035
Chamarajanagar,2013-07,7,0.2035,MODIS,0.2423,-0.0388,22.7,75.6,0.3054
Chamarajanagar,2013-08,8,0.3054,MODIS,0.2035,0.1019,23,78,0.4363
Chamarajanagar,2013-09,9,0.4363,MODIS,0.3054,0.1309,23,155.2,0.4807
Chamarajanagar,2013-10,10,0.4807,MODIS,0.4363,0.0444,23.1,84.7,0.4755
Chamarajanagar,2013-11,11,0.4755,MODIS,0.4807,-0.0052,23.4,31.4,0.406
Chamarajanagar,2013-12,12,0.406,MODIS,0.4755,-0.0695,22.1,11,0.3732
Chamarajanagar,2014-01,1,0.3732,MODIS,0.406,-0.0328,22.9,0.4,0.3301
Chamarajanagar,2014-02,2,0.3301,MODIS,0.3732,-0.0431,24.6,4.2,0.3211
Chamarajanagar,2014-03,3,0.3211,MODIS,0.3301,-0.009,26.8,10.7,0.3215
Chamarajanagar,2014-04,4,0.3215,MODIS,0.3211,0.0004,29,14.9,0.3848
Chamarajanagar,2014-05,5,0.3848,MODIS,0.3215,0.0633,27.1,81.9,0.3762
Chamarajanagar,2014-06,6,0.3762,MODIS,0.3848,-0.0086,25.7,46.2,0.2151
Chamarajanagar,2014-07,7,0.2151,MODIS,0.3762,-0.1611,23.3,150.7,0.3375
Chamarajanagar,2014-08,8,0.3375,MODIS,0.2151,0.1224,23,167.6,0.483
Chamarajanagar,2014-09,9,0.483,MODIS,0.3375,0.1455,23.8,103,0.4693
Chamarajanagar,2014-10,10,0.4693,MODIS,0.483,-0.0137,23.2,210.9,0.4672
Chamarajanagar,2014-11,11,0.4672,MODIS,0.4693,-0.0021,22.2,38.4,0.3947
Chamarajanagar,2014-12,12,0.3947,MODIS,0.4672,-0.0725,22.2,46.8,0.3384
Chamarajanagar,2015-01,1,0.3384,MODIS,0.3947,-0.0563,22.2,2,0.299
Chamarajanagar,2015-02,2,0.299,MODIS,0.3384,-0.0394,24.2,0.4,0.3412
Chamarajanagar,2015-03,3,0.3412,MODIS,0.299,0.0422,26.4,29.5,0.3729
Chamarajanagar,2015-04,4,0.3729,MODIS,0.3412,0.0317,26.7,83.8,0.4797
Chamarajanagar,2015-05,5,0.4797,MODIS,0.3729,0.1068,25.7,170.5,0.4765
Chamarajanagar,2015-06,6,0.4765,MODIS,0.4797,-0.0032,24.4,75.9,0.307
Chamarajanagar,2015-07,7,0.307,MODIS,0.4765,-0.1695,23.8,100.4,0.4085
Chamarajanagar,2015-08,8,0.4085,MODIS,0.307,0.1015,23.8,102.2,0.4813
Chamarajanagar,2015-09,9,0.4813,MODIS,0.4085,0.0728,24.2,138.7,0.5189
Chamarajanagar,2015-10,10,0.5189,MODIS,0.4813,0.0376,24.5,54.3,0.428
Chamarajanagar,2015-11,11,0.428,MODIS,0.5189,-0.0909,21.9,274.5,0.4977
Chamarajanagar,2015-12,12,0.4977,MODIS,0.428,0.0697,21.8,54.3,0.4081
Chamarajanagar,2016-01,1,0.4081,MODIS,0.4977,-0.0896,22.3,2.5,0.184
Chamarajanagar,2016-02,2,0.184,Sentinel2,0.4081,-0.2241,25.2,0.1,0.3206
Chamarajanagar,2016-03,3,0.3206,MODIS,0.184,0.1366,27.8,7.5,0.3249
Chamarajanagar,2016-04,4,0.3249,MODIS,0.3206,0.0043,29.5,9.5,0.3512
Chamarajanagar,2016-05,5,0.3512,MODIS,0.3249,0.0263,26.9,90.8,0.3954
Chamarajanagar,2016-06,6,0.3954,MODIS,0.3512,0.0442,23.7,184.1,0.2897
Chamarajanagar,2016-07,7,0.2897,MODIS,0.3954,-0.1057,23.1,160.2,0.3156
Chamarajanagar,2016-08,8,0.3156,MODIS,0.2897,0.0259,23.5,50.9,0.3032
Chamarajanagar,2016-09,9,0.3032,MODIS,0.3156,-0.0124,23.7,23.4,0.3393
Chamarajanagar,2016-10,10,0.3393,MODIS,0.3032,0.0361,24.9,20.6,0.1827
Chamarajanagar,2016-11,11,0.1827,Sentinel2,0.3393,-0.1566,25,7.6,0.1626
Chamarajanagar,2016-12,12,0.1626,Sentinel2,0.1827,-0.0201,22.7,56.8,0.1623
Chamarajanagar,2017-01,1,0.1623,Sentinel2,0.1626,-0.0003,23,13.5,0.1518
Chamarajanagar,2017-02,2,0.1518,Sentinel2,0.1623,-0.0105,24.7,0.3,0.1725
Chamarajanagar,2017-03,3,0.1725,Sentinel2,0.1518,0.0207,27.1,31.4,0.3292
Chamarajanagar,2017-04,4,0.3292,MODIS,0.1725,0.1567,28.4,28,0.4125
Chamarajanagar,2017-05,5,0.4125,MODIS,0.3292,0.0833,26.6,106.4,0.3076
Chamarajanagar,2017-06,6,0.3076,MODIS,0.4125,-0.1049,24.1,92,0.3062
Chamarajanagar,2017-07,7,0.3062,MODIS,0.3076,-0.0014,24,41,0.3219
Chamarajanagar,2017-08,8,0.3219,MODIS,0.3062,0.0157,23.4,206.1,0.4173
Chamarajanagar,2017-09,9,0.4173,MODIS,0.3219,0.0954,23.5,207,0.4755
Chamarajanagar,2017-10,10,0.4755,MODIS,0.4173,0.0582,23.4,80.3,0.4571
Chamarajanagar,2017-11,11,0.4571,MODIS,0.4755,-0.0184,23,59.5,0.4227
Chamarajanagar,2017-12,12,0.4227,MODIS,0.4571,-0.0344,21.8,24.9,0.1733
Chamarajanagar,2018-01,1,0.1733,Sentinel2,0.4227,-0.2494,22.3,1.2,0.177
Chamarajanagar,2018-02,2,0.177,Sentinel2,0.1733,0.0037,23.4,14,0.3279
Chamarajanagar,2018-03,3,0.3279,MODIS,0.177,0.1509,25.9,46.3,0.3491
Chamarajanagar,2018-04,4,0.3491,MODIS,0.3279,0.0212,27.9,23.3,0.4424
Chamarajanagar,2018-05,5,0.4424,MODIS,0.3491,0.0933,25.8,200.1,0.3126
Chamarajanagar,2018-06,6,0.3126,MODIS,0.4424,-0.1298,23.6,117.7,0.2386
Chamarajanagar,2018-07,7,0.2386,MODIS,0.3126,-0.074,23.2,79.5,0.3404
Chamarajanagar,2018-08,8,0.3404,MODIS,0.2386,0.1018,22.8,132.5,0.4346
Chamarajanagar,2018-09,9,0.4346,MODIS,0.3404,0.0942,24,101.8,0.2566
Chamarajanagar,2018-10,10,0.2566,Sentinel2,0.4346,-0.178,23.6,98.6,0.4342
Chamarajanagar,2018-11,11,0.4342,MODIS,0.2566,0.1776,23.2,46.6,0.275
Chamarajanagar,2018-12,12,0.275,Sentinel2,0.4342,-0.1592,23.1,16.1,0.1966
Chamarajanagar,2019-01,1,0.1966,Sentinel2,0.275,-0.0784,21.8,5.2,0.2035
Chamarajanagar,2019-02,2,0.2035,Sentinel2,0.1966,0.0069,25.3,1.6,0.1833
Chamarajanagar,2019-03,3,0.1833,Sentinel2,0.2035,-0.0202,27.9,1.2,0.1702
Chamarajanagar,2019-04,4,0.1702,Sentinel2,0.1833,-0.0131,28.4,41.9,0.2681
Chamarajanagar,2019-05,5,0.2681,Sentinel2,0.1702,0.0979,27.2,71.3,0.3396
Chamarajanagar,2019-06,6,0.3396,MODIS,0.2681,0.0715,25.2,83.2,0.2885
Chamarajanagar,2019-07,7,0.2885,MODIS,0.3396,-0.0511,23.9,86.2,0.3693
Chamarajanagar,2019-08,8,0.3693,MODIS,0.2885,0.0808,23.2,124.4,0.4398
Chamarajanagar,2019-09,9,0.4398,MODIS,0.3693,0.0705,23.8,125.1,0.5013
Chamarajanagar,2019-10,10,0.5013,MODIS,0.4398,0.0615,23,292.3,0.4088
Chamarajanagar,2019-11,11,0.4088,Sentinel2,0.5013,-0.0925,23,87.9,0.3402
Chamarajanagar,2019-12,12,0.3402,Sentinel2,0.4088,-0.0686,21.7,47.2,0.2327
Chamarajanagar,2020-01,1,0.2327,Sentinel2,0.3402,-0.1075,22.6,2.2,0.1995
Chamarajanagar,2020-02,2,0.1995,Sentinel2,0.2327,-0.0332,24.3,0.1,0.2182
Chamarajanagar,2020-03,3,0.2182,Sentinel2,0.1995,0.0187,26.9,12.4,0.2445
Chamarajanagar,2020-04,4,0.2445,Sentinel2,0.2182,0.0263,27.9,32.7,0.3555
Chamarajanagar,2020-05,5,0.3555,Sentinel2,0.2445,0.111,28.2,85.4,0.4246
Chamarajanagar,2020-06,6,0.4246,MODIS,0.3555,0.0691,24.2,111.8,0.3953
Chamarajanagar,2020-07,7,0.3953,Sentinel2,0.4246,-0.0293,23.1,220,0.4555
Chamarajanagar,2020-08,8,0.4555,MODIS,0.3953,0.0602,23.3,131.7,0.4117
Chamarajanagar,2020-09,9,0.4117,MODIS,0.4555,-0.0438,22.8,189.6,0.3812
Chamarajanagar,2020-10,10,0.3812,Sentinel2,0.4117,-0.0305,23.1,65,0.4897
Chamarajanagar,2020-11,11,0.4897,MODIS,0.3812,0.1085,22.6,59.6,0.3005
Chamarajanagar,2020-12,12,0.3005,Sentinel2,0.4897,-0.1892,20.9,114.1,0.3267
Chamarajanagar,2021-01,1,0.3267,Sentinel2,0.3005,0.0262,21.8,32,0.2152
Chamarajanagar,2021-02,2,0.2152,Sentinel2,0.3267,-0.1115,23.1,12,0.2284
Chamarajanagar,2021-03,3,0.2284,Sentinel2,0.2152,0.0132,26.2,0.2,0.2728
Chamarajanagar,2021-04,4,0.2728,Sentinel2,0.2284,0.0444,26.6,68.2,0.2705
Chamarajanagar,2021-05,5,0.2705,Sentinel2,0.2728,-0.0023,25.4,104.2,0.2489
Chamarajanagar,2021-06,6,0.2489,Sentinel2,0.2705,-0.0216,24,94.2,0.3492
Chamarajanagar,2021-07,7,0.3492,MODIS,0.2489,0.1003,23,157.3,0.3831
Chamarajanagar,2021-08,8,0.3831,MODIS,0.3492,0.0339,23.1,131.3,0.3677
Chamarajanagar,2021-09,9,0.3677,MODIS,0.3831,-0.0154,23.4,114.2,0.4868
Chamarajanagar,2021-10,10,0.4868,MODIS,0.3677,0.1191,23.1,296.7,0.3982
Chamarajanagar,2021-11,11,0.3982,MODIS,0.4868,-0.0886,21.6,248,0.1793
Chamarajanagar,2021-12,12,0.1793,Sentinel2,0.3982,-0.2189,21,20.4,0.3419
Chamarajanagar,2022-01,1,0.3419,Sentinel2,0.1793,0.1626,22.3,4.7,0.1732
Chamarajanagar,2022-02,2,0.1732,Sentinel2,0.3419,-0.1687,23.5,0.1,0.1758
Chamarajanagar,2022-03,3,0.1758,Sentinel2,0.1732,0.0026,25.9,6.8,0.2042
Chamarajanagar,2022-04,4,0.2042,Sentinel2,0.1758,0.0284,26.7,55.5,0.2579
Chamarajanagar,2022-05,5,0.2579,Sentinel2,0.2042,0.0537,24.7,157.3,0.3724
Chamarajanagar,2022-06,6,0.3724,MODIS,0.2579,0.1145,24,93.9,0.325
Chamarajanagar,2022-07,7,0.325,MODIS,0.3724,-0.0474,22.7,256.5,0.4351
Chamarajanagar,2022-08,8,0.4351,MODIS,0.325,0.1101,22.9,200.1,0.3333
Chamarajanagar,2022-09,9,0.3333,MODIS,0.4351,-0.1018,23.2,92.6,0.2515
Chamarajanagar,2022-10,10,0.2515,Sentinel2,0.3333,-0.0818,22.7,147.4,0.4862
Chamarajanagar,2022-11,11,0.4862,MODIS,0.2515,0.2347,21.8,68.6,0.2261
Chamarajanagar,2022-12,12,0.2261,Sentinel2,0.4862,-0.2601,21.2,69.8,0.2076
Chamarajanagar,2023-01,1,0.2076,Sentinel2,0.2261,-0.0185,20.6,7.7,0.1907
Chamarajanagar,2023-02,2,0.1907,Sentinel2,0.2076,-0.0169,23,0.4,0.1749
Chamarajanagar,2023-03,3,0.1749,Sentinel2,0.1907,-0.0158,25.3,10.3,0.1684
Chamarajanagar,2023-04,4,0.1684,Sentinel2,0.1749,-0.0065,27,33.1,0.1906
Chamarajanagar,2023-05,5,0.1906,Sentinel2,0.1684,0.0222,25.6,169.7,0.1822
Chamarajanagar,2023-06,6,0.1822,Sentinel2,0.1906,-0.0084,24.9,72.6,0.296
Chamarajanagar,2023-07,7,0.296,MODIS,0.1822,0.1138,23,194.8,0.2383
Chamarajanagar,2023-08,8,0.2383,Sentinel2,0.296,-0.0577,24.6,23.2,0.3859
Chamarajanagar,2023-09,9,0.3859,MODIS,0.2383,0.1476,24,68.7,0.2108
Chamarajanagar,2023-10,10,0.2108,Sentinel2,0.3859,-0.1751,24.7,68,0.2057
Chamarajanagar,2023-11,11,0.2057,Sentinel2,0.2108,-0.0051,23.3,120.2,0.1883
Chamarajanagar,2023-12,12,0.1883,Sentinel2,0.2057,-0.0174,23.4,24.1,0.1653
Chamarajanagar,2024-01,1,0.1653,Sentinel2,0.1883,-0.023,23.5,29.2,0.1611
Chamarajanagar,2024-02,2,0.1611,Sentinel2,0.1653,-0.0042,25.8,0.3,0.1578
Chamarajanagar,2024-03,3,0.1578,Sentinel2,0.1611,-0.0033,28.1,0.1,0.1523
Chamarajanagar,2024-04,4,0.1523,Sentinel2,0.1578,-0.0055,30,2,0.1514
Chamarajanagar,2024-05,5,0.1514,Sentinel2,0.1523,-0.0009,26.6,202,0.431
Chamarajanagar,2024-06,6,0.431,MODIS,0.1514,0.2796,24.4,124.6,0.3546
Chamarajanagar,2024-07,7,0.3546,MODIS,0.431,-0.0764,23.4,233.2,0.423
Chamarajanagar,2024-08,8,0.423,MODIS,0.3546,0.0684,23.6,209.2,0.1959
Chamarajanagar,2024-09,9,0.1959,Sentinel2,0.423,-0.2271,23.9,30.4,0.488
Chamarajanagar,2024-10,10,0.488,MODIS,0.1959,0.2921,23.2,214,0.51
Chamarajanagar,2024-11,11,0.51,MODIS,0.488,0.022,22.4,117.7,0.2463
Chamarajanagar,2024-12,12,0.2463,Sentinel2,0.51,-0.2637,21.8,131.2,0.1989
Chamarajanagar,2025-01,1,0.1989,Sentinel2,0.2463,-0.0474,20.9,4.9,0.1765
Chamarajanagar,2025-02,2,0.1765,Sentinel2,0.1989,-0.0224,23.6,0,0.1804
Chamarajanagar,2025-03,3,0.1804,Sentinel2,0.1765,0.0039,26.4,16.5,0.2086
Chamarajanagar,2025-04,4,0.2086,Sentinel2,0.1804,0.0282,26.9,62.5,0.1124
Chamarajanagar,2025-05,5,0.1124,Sentinel2,0.2086,-0.0962,25.4,149.9,0.2596
Chamarajanagar,2025-06,6,0.2596,Sentinel2,0.1124,0.1472,23.9,70,0.2695
Chamarajanagar,2025-07,7,0.2695,MODIS,0.2596,0.0099,23,158.6,0.4177
Chamarajanagar,2025-08,8,0.4177,MODIS,0.2695,0.1482,22.8,129.1,0.418
Chamarajanagar,2025-09,9,0.418,MODIS,0.4177,0.0003,23.4,43.1,0.4482
Chamarajanagar,2025-10,10,0.4482,MODIS,0.418,0.0302,23.1,157.8,0.4648
Chamarajanagar,2025-11,11,0.4648,MODIS,0.4482,0.0166,22.4,28.6,0.1989